ego_aid,name,pub_date,pub_year,title,cited_by_count,doi,wid,authors,work_type,ego_age,nb_coauthors
A5040821463,Peter Sheridan Dodds,2025-01-31,2025,"misrepresentation of overall and by-gender mortality causes in film using online, crowd-sourced data: quantitative analysis (preprint)",0,https://doi.org/10.2196/70853,W4409977813,"Calla Beauregard, Christopher M. Danforth, Peter Sheridan Dodds",article,26.0,3
A5040821463,Peter Sheridan Dodds,2025-01-03,2025,an assessment of measuring local levels of homelessness through proxy social media signals,0,https://doi.org/10.5206/ijoh.2023.3.16467,W4405988742,"Yoshi M. Bird, Sarah E. Grobe, Matthew Arnold, Sean Rogers, Mikaela Irene Fudolig, Julia Zimmerman, Christopher M. Danforth, Peter Sheridan Dodds",article,26.0,8
A5040821463,Peter Sheridan Dodds,2024-12-26,2024,"collective sleep and activity patterns of college students from wearable
  devices",0,https://doi.org/10.48550/arxiv.2412.17969,W4405783706,"Mikaela Irene Fudolig, Laura S. P. Bloomfield, Matthew Price, Yoshi M. Bird, Johanna E. Hidalgo, Julia Kim, Jordan Llorin, Juniper Lovato, Ellen W. McGinnis, Ryan S. McGinnis, Taylor H. Ricketts, Kathryn Stanton, Peter Sheridan Dodds, Christopher M. Danforth",preprint,25.0,14
A5040821463,Peter Sheridan Dodds,2024-12-18,2024,"tokens, the oft-overlooked appetizer: large language models, the
  distributional hypothesis, and meaning",0,https://doi.org/10.48550/arxiv.2412.10924,W4405468714,"Julia Witte Zimmerman, Denis Hudon, Kathryn E. Cramer, Alejandro J. Ruiz, Calla Beauregard, Ashley Fehr, Mikaela Irene Fudolig, Bradford Demarest, Yoshi Meke Bird, Milo Z. Trujillo, Christopher M. Danforth, Peter Sheridan Dodds",preprint,25.0,12
A5040821463,Peter Sheridan Dodds,2024-11-15,2024,meeting people where they are: crowdsourcing goal-specific personalized wellness practices,0,https://doi.org/10.1371/journal.pdig.0000650,W4404521707,"Johanna Hidalgo, Julia Kim, Jordan Llorin, Kathryn Stanton, Josh Cherian, Laura S. P. Bloomfield, Mikaela Irene Fudolig, Matthew Price, Jennifer Ha, Natalie Noble, Christopher M. Danforth, Peter Sheridan Dodds, Jason Fanning, Ryan S. McGinnis, Ellen W. McGinnis",article,25.0,15
A5040821463,Peter Sheridan Dodds,2024-11-05,2024,"hollywood's misrepresentation of death: a comparison of overall and
  by-gender mortality causes in film and the real world",0,https://doi.org/10.48550/arxiv.2411.10040,W4404569384,"Calla Beauregard, Christopher M. Danforth, Peter Sheridan Dodds",preprint,25.0,3
A5040821463,Peter Sheridan Dodds,2024-10-20,2024,"foregrounding artist opinions: a survey study on transparency, ownership, and fairness in ai generative art",3,https://doi.org/10.1609/aies.v7i1.31691,W4404518214,"Juniper Lovato, Julia Witte Zimmerman, Isabelle Smith, Peter Sheridan Dodds, Jennifer Karson",article,25.0,5
A5040821463,Peter Sheridan Dodds,2024-10-15,2024,predictors of anxiety trajectories in cohort of first-year college students,0,https://doi.org/10.1016/j.jaacop.2024.08.004,W4403482284,"Laura S. P. Bloomfield, Mikaela Irene Fudolig, Julia N. Kim, Jordan Llorin, Juniper Lovato, Ellen W. McGinnis, Ryan S. McGinnis, Matthew Price, Taylor H. Ricketts, Peter Sheridan Dodds, Kathryn Stanton, Christopher M. Danforth",article,25.0,12
A5040821463,Peter Sheridan Dodds,2024-08-30,2024,a quantitative analysis of the affirmative furtherance of fair housing in the housing choice voucher program,0,https://doi.org/10.31235/osf.io/reh75,W4402007193,"Yoshi M. Bird, Ashley Fehr, Julia Witte Zimmerman, Mikaela Irene Fudolig, Sarah E. Grobe, Michael Arnold, Christopher M. Danforth, Peter Sheridan Dodds",preprint,25.0,8
A5040821463,Peter Sheridan Dodds,2024-07-02,2024,the two fundamental shapes of sleep heart rate dynamics and their connection to mental health in college students,2,https://doi.org/10.1159/000539487,W4400760422,"Mikaela Irene Fudolig, Laura S. P. Bloomfield, Matthew Price, Yoshi M. Bird, Johanna Hidalgo, Julia N. Kim, Jordan Llorin, Juniper Lovato, Ellen W. McGinnis, Ryan S. McGinnis, Taylor H. Ricketts, Kathryn Stanton, Peter Sheridan Dodds, Christopher M. Danforth",article,25.0,14
A5040821463,Peter Sheridan Dodds,2024-04-01,2024,predicting stress in first-year college students using sleep data from wearable devices,8,https://doi.org/10.1371/journal.pdig.0000473,W4394727856,"Laura S. P. Bloomfield, Mikaela Irene Fudolig, Julia N. Kim, Jordan Llorin, Juniper Lovato, Ellen W. McGinnis, Ryan S. McGinnis, Matt A. Price, Taylor H. Ricketts, Peter Sheridan Dodds, Kathryn Stanton, Christopher M. Danforth",article,25.0,12
A5040821463,Peter Sheridan Dodds,2024-01-31,2024,"foregrounding artist opinions: a survey study on transparency,
  ownership, and fairness in ai generative art",0,https://doi.org/10.48550/arxiv.2401.15497,W4391376091,"Juniper Lovato, Julia Zimmerman, Isabelle Smith, Peter Sheridan Dodds, Jennifer Karson",preprint,25.0,5
A5040821463,Peter Sheridan Dodds,2024-01-20,2024,"expecting the unexpected: predicting panic attacks from mood, twitter, and apple watch data",5,https://doi.org/10.1109/ojemb.2024.3354208,W4390871495,"Ellen W. McGinnis, Bryn C. Loftness, Shania Lunna, Isabel Berman, Skylar Bagdon, Genevieve Lewis, Michael Arnold, Christopher M. Danforth, Peter Sheridan Dodds, Matthew Price, William Copeland, Ryan S. McGinnis",article,25.0,12
A5040821463,Peter Sheridan Dodds,2023-10-12,2023,the two fundamental shapes of sleep heart rate dynamics and their connection to mental health,0,https://doi.org/10.31234/osf.io/3cqdn,W4387372703,"Mikaela Irene Fudolig, Laura S. P. Bloomfield, Matthew Price, Yoshi M. Bird, Johanna E. Hidalgo, Julia Kim, Jordan Llorin, Juniper Lovato, Ellen W. McGinnis, Ryan S. McGinnis, Taylor H. Ricketts, Kathryn Stanton, Peter Sheridan Dodds, Christopher M. Danforth",preprint,24.0,14
A5040821463,Peter Sheridan Dodds,2023-09-22,2023,a large clinical trial to improve well-being during the transition to college using wearables: the lived experiences measured using rings study,7,https://doi.org/10.1016/j.cct.2023.107338,W4386799970,"Matthew Price, Johanna E. Hidalgo, Yoshi M. Bird, Laura S. P. Bloomfield, Casey Buck, Janine Cerutti, Peter Sheridan Dodds, Mikaela Irene Fudolig, Rachel Gehman, Marc Hickok, Julia Kim, Jordan Llorin, Juniper Lovato, Ellen W. McGinnis, Ryan S. McGinnis, Richard J. Norton, Vanessa Ramirez, Kathryn Stanton, Taylor H. Ricketts, Christopher M. Danforth",article,24.0,20
A5040821463,Peter Sheridan Dodds,2023-09-19,2023,events and behaviors associated with symptoms of generalized anxiety disorder in first-year college students,2,https://doi.org/10.31234/osf.io/278ey,W4387184809,"Laura S. P. Bloomfield, Mikaela Irene Fudolig, Peter Sheridan Dodds, Julia Kim, Jordan Llorin, Juniper Lovato, Ellen W. McGinnis, Ryan S. McGinnis, Matthew Price, Taylor H. Ricketts, Kathryn Stanton, Christopher M. Danforth",preprint,24.0,12
A5040821463,Peter Sheridan Dodds,2023-09-11,2023,reconstructing the dynamic directivity of unconstrained speech,2,https://doi.org/10.1109/i3da57090.2023.10289447,W4387872727,"Camille Noufi, Dejan Marković, Peter Sheridan Dodds",article,24.0,3
A5040821463,Peter Sheridan Dodds,2023-09-09,2023,detecting stress in college freshmen from wearable sleep data,1,https://doi.org/10.31234/osf.io/eu896,W4386893982,"Laura S. P. Bloomfield, Mikaela Irene Fudolig, Peter Sheridan Dodds, Julia Kim, Jordan Llorin, Juniper Lovato, Ellen W. McGinnis, Ryan S. McGinnis, Matthew Price, Taylor H. Ricketts, Kathryn Stanton, Christopher M. Danforth",preprint,24.0,12
A5040821463,Peter Sheridan Dodds,2023-09-08,2023,allotaxonometry and rank-turbulence divergence: a universal instrument for comparing complex systems,6,https://doi.org/10.1140/epjds/s13688-023-00400-x,W4386845692,"Peter Sheridan Dodds, Joshua R. Minot, Michael Arnold, Thayer Alshaabi, Jane L. Adams, David Rushing Dewhurst, Tyler J. Gray, Morgan R. Frank, Andrew J. Reagan, Christopher M. Danforth",article,24.0,10
A5040821463,Peter Sheridan Dodds,2023-07-19,2023,evolving robust facility placements,0,https://doi.org/10.1145/3583133.3590712,W4385188290,"Will Thompson, Alex Freidrichsen, Christopher M. Danforth, Peter Sheridan Dodds, Nicholas Cheney",article,24.0,5
A5040821463,Peter Sheridan Dodds,2023-06-07,2023,"more data types more problems: a temporal analysis of complexity, stability, and sensitivity in privacy policies",4,https://doi.org/10.1145/3593013.3594065,W4380320218,"Juniper Lovato, Philip Mueller, Parisa Suchdev, Peter Sheridan Dodds",article,24.0,4
A5040821463,Peter Sheridan Dodds,2023-04-12,2023,a decomposition of book structure through ousiometric fluctuations in cumulative word-time,2,https://doi.org/10.1057/s41599-023-01680-4,W4367369323,"Mikaela Irene Fudolig, Thayer Alshaabi, Kathryn E. Cramer, Christopher M. Danforth, Peter Sheridan Dodds",article,24.0,5
A5040821463,Peter Sheridan Dodds,2023-03-19,2023,twitter misogyny associated with hillary clinton increased throughout the 2016 u.s. election campaign,9,https://doi.org/10.1038/s41598-023-31620-w,W4362470443,"Morgan Weaving, Thayer Alshaabi, Michael Arnold, Khandis R. Blake, Christopher M. Danforth, Peter Sheridan Dodds, Nick Haslam, Cordelia Fine",article,24.0,8
A5040821463,Peter Sheridan Dodds,2023-01-28,2023,curating corpora with classifiers: a case study of clean energy sentiment online,0,https://doi.org/10.48550/arxiv.2305.03092,W4375870328,"Matthew Arnold, Peter Sheridan Dodds, Christopher M. Danforth",preprint,24.0,3
A5040821463,Peter Sheridan Dodds,2023-01-26,2023,expecting the unexpected: predicting panic attacks from mood and twitter,4,https://doi.org/10.1101/2023.01.26.23285057,W4318590081,"Ellen W. McGinnis, Shania Lunna, Isabel Berman, Skylar Bagdon, Genevieve Lewis, Michael Arnold, Christopher M. Danforth, Peter Sheridan Dodds, Matthew Price, William Copeland, Ryan S. McGinnis",preprint,24.0,11
A5040821463,Peter Sheridan Dodds,2023-01-25,2023,park visitation and walkshed demographics in the united states,0,https://doi.org/10.48550/arxiv.2305.12160,W4377866522,"Kelsey Linnell, Mikaela Irene Fudolig, Laura Bloomfield, Thomas McAndrew, Taylor H. Ricketts, Jarlath O’Neil‐Dunne, Peter Sheridan Dodds, Christopher M. Danforth",preprint,24.0,8
A5040821463,Peter Sheridan Dodds,2023-01-20,2023,sentiment analysis of medical record notes for lung cancer patients at the department of veterans affairs,2,https://doi.org/10.1371/journal.pone.0280931,W4317987998,"Danne C. Elbers, Jennifer La, Joshua R. Minot, Robert Gramling, Mary T. Brophy, Nhan Do, Nathanael R. Fillmore, Peter Sheridan Dodds, Christopher M. Danforth",article,24.0,9
A5040821463,Peter Sheridan Dodds,2023-01-13,2023,say their names: resurgence in the collective attention toward black victims of fatal police violence following the death of george floyd,31,https://doi.org/10.1371/journal.pone.0279225,W3175894820,"Henry H. Wu, Ryan J. Gallagher, Thayer Alshaabi, Jane L. Adams, Joshua R. Minot, Michael Arnold, Brooke Foucault Welles, Randall Harp, Peter Sheridan Dodds, Christopher M. Danforth",article,24.0,10
A5040821463,Peter Sheridan Dodds,2023-01-09,2023,"the resume paradox: greater language differences, smaller pay gaps",0,https://doi.org/10.48550/arxiv.2307.08580,W4384648460,"Joshua R. Minot, Marc A. Maier, Bradford Demarest, Nicholas Cheney, Christopher M. Danforth, Peter Sheridan Dodds, Morgan R. Frank",preprint,24.0,7
A5040821463,Peter Sheridan Dodds,2023-01-08,2023,a blind spot for large language models: supradiegetic linguistic information,1,https://doi.org/10.48550/arxiv.2306.06794,W4380558473,"Julia Witte Zimmerman, Denis Hudon, Kathryn E. Cramer, Jonathan St. Onge, Mikaela Irene Fudolig, Milo Z. Trujillo, Christopher M. Danforth, Peter Sheridan Dodds",preprint,24.0,8
A5040821463,Peter Sheridan Dodds,2022-09-05,2022,spatial changes in park visitation at the onset of the pandemic,3,https://doi.org/10.1371/journal.pgph.0000766,W4297890127,"Kelsey Linnell, Mikaela Irene Fudolig, Aaron J. Schwartz, Taylor H. Ricketts, Jarlath O’Neil‐Dunne, Peter Sheridan Dodds, Christopher M. Danforth",article,23.0,7
A5040821463,Peter Sheridan Dodds,2022-06-13,2022,experimental study of inequality and unpredictability in an artificial cultural market,172,https://doi.org/10.4337/9781789909432.00032,W4282832862,"Matthew Salganik, Peter Sheridan Dodds, Duncan J. Watts",book-chapter,23.0,3
A5040821463,Peter Sheridan Dodds,2022-04-20,2022,interpretable bias mitigation for textual data: reducing genderization in patient notes while maintaining classification performance,19,https://doi.org/10.1145/3524887,W4224281327,"Joshua R. Minot, Nicholas Cheney, Marc Maier, Danne C. Elbers, Christopher M. Danforth, Peter Sheridan Dodds",article,23.0,6
A5040821463,Peter Sheridan Dodds,2022-04-10,2022,deep impulse responses: estimating and parameterizing filters with deep networks,12,https://doi.org/10.1109/icassp43922.2022.9746135,W4225271852,"Alexander Richard, Peter Sheridan Dodds, Vamsi Krishna Ithapu",article,23.0,3
A5040821463,Peter Sheridan Dodds,2022-03-17,2022,quantifying changes in the language used around mental health on twitter over 10 years: observational study,12,https://doi.org/10.2196/33685,W4220777523,"Anne Marie Stupinski, Thayer Alshaabi, Michael Arnold, Jane L. Adams, Joshua R. Minot, Matthew Price, Peter Sheridan Dodds, Christopher M. Danforth",article,23.0,8
A5040821463,Peter Sheridan Dodds,2022-03-12,2022,gauging the happiness benefit of us urban parks through twitter,10,https://doi.org/10.1371/journal.pone.0261056,W4220950470,"Aaron J. Schwartz, Peter Sheridan Dodds, Jarlath O’Neil‐Dunne, Taylor H. Ricketts, Christopher M. Danforth",article,23.0,5
A5040821463,Peter Sheridan Dodds,2022-02-17,2022,doomscrolling during covid-19: the negative association between daily social and traditional media consumption and mental health symptoms during the covid-19 pandemic.,84,https://doi.org/10.1037/tra0001202,W4225864710,"Matthew Price, Alison C. Legrand, Zoe M. F. Brier, Katherine van Stolk‐Cooke, Kelly Peck, Peter Sheridan Dodds, Christopher M. Danforth, Zachary W. Adams",article,23.0,8
A5040821463,Peter Sheridan Dodds,2022-02-11,2022,sentiment and structure in word co-occurrence networks on twitter,15,https://doi.org/10.1007/s41109-022-00446-2,W3202905522,"Mikaela Irene Fudolig, Thayer Alshaabi, Matthew Arnold, Christopher M. Danforth, Peter Sheridan Dodds",article,23.0,5
A5040821463,Peter Sheridan Dodds,2022-02-05,2022,"fame and ultrafame: measuring and comparing daily levels of ‘being talked about’ for united states’ presidents, their rivals, god, countries, and k-pop.",10,https://doi.org/10.51685/jqd.2022.004,W4214597414,"Peter Sheridan Dodds, Joshua R. Minot, Matthew Arnold, Thayer Alshaabi, Jane L. Adams, David Rushing Dewhurst, Andrew J. Reagan, Christopher M. Danforth",article,23.0,8
A5040821463,Peter Sheridan Dodds,2022-01-12,2022,augmenting semantic lexicons using word embeddings and transfer learning,4,https://doi.org/10.3389/frai.2021.783778,W3201045536,"Thayer Alshaabi, Colin M. Van Oort, Mikaela Irene Fudolig, Matthew Arnold, Christopher M. Danforth, Peter Sheridan Dodds",article,23.0,6
A5040821463,Peter Sheridan Dodds,2021-12-28,2021,"computational timeline reconstruction of the stories surrounding trump: story turbulence, narrative control, and collective chronopathy",8,https://doi.org/10.1371/journal.pone.0260592,W3049743830,"Peter Sheridan Dodds, Joshua R. Minot, Matthew Arnold, Thayer Alshaabi, Jane L. Adams, Andrew J. Reagan, Christopher M. Danforth",article,22.0,7
A5040821463,Peter Sheridan Dodds,2021-09-07,2021,quantifying changes in the language used around mental health on twitter over 10 years: observational study (preprint),0,https://doi.org/10.2196/preprints.33685,W4254441869,"Anne Marie Stupinski, Thayer Alshaabi, Michael Arnold, Jane L. Adams, Joshua R. Minot, Matthew Price, Peter Sheridan Dodds, Christopher M. Danforth",preprint,22.0,8
A5040821463,Peter Sheridan Dodds,2021-09-04,2021,the sleep loss insult of spring daylight savings in the us is observable in twitter activity,3,https://doi.org/10.1186/s40537-021-00503-0,W3135594982,"Kelsey Linnell, Matthew Arnold, Thayer Alshaabi, Thomas McAndrew, Jeanie Lim, Peter Sheridan Dodds, Christopher M. Danforth",article,22.0,7
A5040821463,Peter Sheridan Dodds,2021-07-30,2021,"storywrangler: a massive exploratorium for sociolinguistic, cultural, socioeconomic, and political timelines using twitter",41,https://doi.org/10.1126/sciadv.abe6534,W3045117433,"Thayer Alshaabi, Jane L. Adams, Michael Arnold, Joshua R. Minot, David Rushing Dewhurst, Andrew J. Reagan, Christopher M. Danforth, Peter Sheridan Dodds",article,22.0,8
A5040821463,Peter Sheridan Dodds,2021-06-17,2021,"sirius: a mutual information tool for exploratory visualization of mixed
  data",0,,W4287122320,"Jane L. Adams, Todd F. DeLuca, Christopher M. Danforth, Peter Sheridan Dodds, Yuhang Zheng, Konstantinos Anastasakis, Boyoon Choi, Allison Min, Michael M. Bessey",preprint,22.0,9
A5040821463,Peter Sheridan Dodds,2021-06-07,2021,sirius: a mutual information tool for exploratory visualization of mixed data.,2,,W3166946311,"Jane L. Adams, Todd F. DeLuca, Christopher M. Danforth, Peter Sheridan Dodds, Yuhang Zheng, Konstantinos Anastasakis, Boyoon Choi, Allison Min, Michael M. Bessey",preprint,22.0,9
A5040821463,Peter Sheridan Dodds,2021-06-04,2021,local information sources received the most attention from puerto ricans during the aftermath of hurricane maria,2,https://doi.org/10.1371/journal.pone.0251704,W3171574300,"Benjamin Freixas Emery, Meredith T. Niles, Christopher M. Danforth, Peter Sheridan Dodds",article,22.0,4
A5040821463,Peter Sheridan Dodds,2021-05-02,2021,hurricanes and hashtags: characterizing online collective attention for natural disasters,12,https://doi.org/10.1371/journal.pone.0251762,W3015059353,"Michael Arnold, David Rushing Dewhurst, Thayer Alshaabi, Joshua R. Minot, Jane L. Adams, Christopher M. Danforth, Peter Sheridan Dodds",article,22.0,7
A5040821463,Peter Sheridan Dodds,2021-04-03,2021,ratioing the president: an exploration of public engagement with obama and trump on twitter,21,https://doi.org/10.1371/journal.pone.0248880,W3032895761,"Joshua R. Minot, Michael Arnold, Thayer Alshaabi, Christopher M. Danforth, Peter Sheridan Dodds",article,22.0,5
A5040821463,Peter Sheridan Dodds,2021-03-24,2021,the growing amplification of social media: measuring temporal and social contagion dynamics for over 150 languages on twitter for 2009–2020,54,https://doi.org/10.1140/epjds/s13688-021-00271-0,W3146668661,"Thayer Alshaabi, David Rushing Dewhurst, Joshua R. Minot, Michael Arnold, Jane L. Adams, Christopher M. Danforth, Peter Sheridan Dodds",article,22.0,7
A5040821463,Peter Sheridan Dodds,2021-03-14,2021,interpretable bias mitigation for textual data: reducing gender bias in patient notes while maintaining classification performance,3,,W3135158964,"Joshua R. Minot, Nicholas Cheney, Marc Maier, Danne C. Elbers, Christopher M. Danforth, Peter Sheridan Dodds",preprint,22.0,6
A5040821463,Peter Sheridan Dodds,2021-03-03,2021,doomscrolling during covid-19: the negative association between daily social and traditional media consumption and mental health symptoms during the covid-19 pandemic,11,https://doi.org/10.31234/osf.io/s2nfg,W3163005332,"Matthew Price, Alison C. Legrand, Zoe M. F. Brier, Katherine van Stolk‐Cooke, Kelly Peck, Peter Sheridan Dodds, Christopher M. Danforth, Zachary W. Adams",preprint,22.0,8
A5040821463,Peter Sheridan Dodds,2021-03-02,2021,the sociospatial factors of death: analyzing effects of geospatially-distributed variables in a bayesian mortality model for hong kong,1,https://doi.org/10.1371/journal.pone.0247795,W3034392606,"Thayer Alshaabi, David Rushing Dewhurst, James P. Bagrow, Peter Sheridan Dodds, Christopher M. Danforth",article,22.0,5
A5040821463,Peter Sheridan Dodds,2021-01-29,2021,quantifying language changes surrounding mental health on twitter,3,https://doi.org/10.48550/arxiv.2106.01481,W3172083659,"Anne Marie Stupinski, Thayer Alshaabi, Michael Arnold, Jane L. Adams, Joshua R. Minot, Matthew Price, Peter Sheridan Dodds, Christopher M. Danforth",preprint,22.0,8
A5040821463,Peter Sheridan Dodds,2021-01-27,2021,sirius: visualization of mixed features as a mutual information network graph,0,https://doi.org/10.48550/arxiv.2106.05260,W4292120360,"Jane L. Adams, Todd F. DeLuca, Christopher M. Danforth, Peter Sheridan Dodds, Yuhang Zheng, Konstantinos Anastasakis, Boyoon Choi, Allison Min, Michael M. Bessey",preprint,22.0,9
A5040821463,Peter Sheridan Dodds,2021-01-09,2021,generalized word shift graphs: a method for visualizing and explaining pairwise comparisons between texts,35,https://doi.org/10.1140/epjds/s13688-021-00260-3,W3047315229,"Ryan J. Gallagher, Morgan R. Frank, Lewis Mitchell, Aaron J. Schwartz, Andrew J. Reagan, Christopher M. Danforth, Peter Sheridan Dodds",article,22.0,7
A5040821463,Peter Sheridan Dodds,2021-01-08,2021,ousiometrics and telegnomics: the essence of meaning conforms to a two-dimensional powerful-weak and dangerous-safe framework with diverse corpora presenting a safety bias,0,https://doi.org/10.48550/arxiv.2110.06847,W3205061495,"Peter Sheridan Dodds, Thayer Alshaabi, Mikaela Irene Fudolig, Julia Witte Zimmerman, Juniper Lovato, Suzie Beaulieu, Joshua R. Minot, Michael Arnold, Andrew J. Reagan, Christopher M. Danforth",preprint,22.0,10
A5040821463,Peter Sheridan Dodds,2021-01-07,2021,how the world’s collective attention is being paid to a pandemic: covid-19 related n-gram time series for 24 languages on twitter,62,https://doi.org/10.1371/journal.pone.0244476,W3013687394,"Thayer Alshaabi, Michael Arnold, Joshua R. Minot, Jane L. Adams, David Rushing Dewhurst, Andrew J. Reagan, Roby Muhamad, Christopher M. Danforth, Peter Sheridan Dodds",article,22.0,9
A5040821463,Peter Sheridan Dodds,2021-01-02,2021,blending search queries with social media data to improve forecasts of economic indicators,1,https://doi.org/10.48550/arxiv.2107.06096,W3178904428,"Yi Li, Asieh Ahani, Haimao Zhan, Kevin P. Foley, Thayer Alshaabi, Kelsey Linnell, Peter Sheridan Dodds, Christopher M. Danforth, Adam Fox",preprint,22.0,9
A5040821463,Peter Sheridan Dodds,2021-01-02,2021,"computational paremiology: charting the temporal, ecological dynamics of proverb use in books, news articles, and tweets",4,https://doi.org/10.48550/arxiv.2107.04929,W3182458438,"Ethan Davis, Christopher M. Danforth, Wolfgang Mieder, Peter Sheridan Dodds",preprint,22.0,4
A5040821463,Peter Sheridan Dodds,2021-01-01,2021,the incel lexicon: deciphering the emergent cryptolect of a global misogynistic community,6,https://doi.org/10.48550/arxiv.2105.12006,W3165244311,"Kelly Gothard, David Rushing Dewhurst, Joshua R. Minot, Jane L. Adams, Christopher M. Danforth, Peter Sheridan Dodds",preprint,22.0,6
A5040821463,Peter Sheridan Dodds,2020-10-26,2020,a flexible numerical optimization approach to the design of biquad filter cascades,3,,W3095818140,Peter Sheridan Dodds,article,21.0,1
A5040821463,Peter Sheridan Dodds,2020-10-22,2020,chimera states and seizures in a mouse neuronal model,2,https://doi.org/10.1142/s0218127420502569,W2955997807,"Henry Mitchell, Peter Sheridan Dodds, J. Matthew Mahoney, Christopher M. Danforth",article,21.0,4
A5040821463,Peter Sheridan Dodds,2020-07-27,2020,local information sources received the most attention from puerto ricans during the aftermath of hurricane mar\'ia,0,,W3042394906,"Benjamin Freixas Emery, Meredith T. Niles, Christopher M. Danforth, Peter Sheridan Dodds",preprint,21.0,4
A5040821463,Peter Sheridan Dodds,2020-05-12,2020,"hahahahaha, duuuuude, yeeessss!: a two-parameter characterization of stretchable words and the dynamics of mistypings and misspellings",5,https://doi.org/10.1371/journal.pone.0232938,W2959375352,"Tyler J. Gray, Christopher M. Danforth, Peter Sheridan Dodds",article,21.0,3
A5040821463,Peter Sheridan Dodds,2020-02-23,2020,noncooperative dynamics in election interference,1,https://doi.org/10.1103/physreve.101.022307,W2965760576,"David Rushing Dewhurst, Christopher M. Danforth, Peter Sheridan Dodds",article,21.0,3
A5040821463,Peter Sheridan Dodds,2020-02-08,2020,"the shocklet transform: a decomposition method for the identification of local, mechanism-driven dynamics in sociotechnical time series",8,https://doi.org/10.1140/epjds/s13688-020-0220-x,W3013362087,"David Rushing Dewhurst, Thayer Alshaabi, Dilan Kiley, Matthew Arnold, Joshua R. Minot, Christopher M. Danforth, Peter Sheridan Dodds",article,21.0,7
A5040821463,Peter Sheridan Dodds,2020-01-22,2020,long-term word frequency dynamics derived from twitter are corrupted: a bespoke approach to detecting and removing pathologies in ensembles of time series,3,https://doi.org/10.48550/arxiv.2008.11305,W3080922588,"Peter Sheridan Dodds, Joshua R. Minot, Michael Arnold, Thayer Alshaabi, Jane L. Adams, David Rushing Dewhurst, Andrew J. Reagan, Christopher M. Danforth",preprint,21.0,8
A5040821463,Peter Sheridan Dodds,2020-01-20,2020,local information sources received the most attention from puerto ricans during the aftermath of hurricane maría,0,https://doi.org/10.48550/arxiv.2007.09124,W4287713961,"Benjamin Freixas Emery, Meredith T. Niles, Christopher M. Danforth, Peter Sheridan Dodds",preprint,21.0,4
A5040821463,Peter Sheridan Dodds,2020-01-07,2020,probability-turbulence divergence: a tunable allotaxonometric instrument for comparing heavy-tailed categorical distributions,1,https://doi.org/10.48550/arxiv.2008.13078,W3081908160,"Peter Sheridan Dodds, Joshua R. Minot, Matthew Arnold, Thayer Alshaabi, Jane L. Adams, David Rushing Dewhurst, Andrew J. Reagan, Christopher M. Danforth",preprint,21.0,8
A5040821463,Peter Sheridan Dodds,2020-01-03,2020,divergent modes of online collective attention to the covid-19 pandemic are associated with future caseload variance,3,https://doi.org/10.48550/arxiv.2004.03516,W4287817010,"David Rushing Dewhurst, Thayer Alshaabi, Michael Arnold, Joshua R. Minot, Christopher M. Danforth, Peter Sheridan Dodds",preprint,21.0,6
A5040821463,Peter Sheridan Dodds,2020-01-01,2020,the sleep loss insult of spring daylight savings in the us is absorbed by twitter users within 48 hours,0,https://doi.org/10.48550/arxiv.2004.06790,W3017174831,"Kelsey Linnell, Thayer Alshaabi, Thomas McAndrew, Jeanie Lim, Peter Sheridan Dodds, Christopher M. Danforth",preprint,21.0,6
A5040821463,Peter Sheridan Dodds,2019-11-24,2019,auralization systems for simulation of augmented reality experiences in virtual environments,5,,W2990201189,"Peter Sheridan Dodds, Sebastià V. Amengual Garí, W. Owen Brimijoin, Philip W. Robinson",article,20.0,4
A5040821463,Peter Sheridan Dodds,2019-09-14,2019,"fame and ultrafame: measuring and comparing daily levels of `being talked about' for united states' presidents, their rivals, god, countries, and k-pop",5,,W2978895048,"Peter Sheridan Dodds, Joshua R. Minot, Michael Arnold, Thayer Alshaabi, Jane L. Adams, David Rushing Dewhurst, Andrew J. Reagan, Christopher M. Danforth",preprint,20.0,8
A5040821463,Peter Sheridan Dodds,2019-08-07,2019,visitors to urban greenspace have higher sentiment and lower negativity on twitter,23,https://doi.org/10.1002/pan3.10045,W2969395259,"Aaron J. Schwartz, Peter Sheridan Dodds, Jarlath O’Neil‐Dunne, Christopher M. Danforth, Taylor H. Ricketts",article,20.0,5
A5040821463,Peter Sheridan Dodds,2019-02-26,2019,social media usage patterns during natural hazards,112,https://doi.org/10.1371/journal.pone.0210484,W2898175534,"Meredith T. Niles, Benjamin Freixas Emery, Andrew J. Reagan, Peter Sheridan Dodds, Christopher M. Danforth",article,20.0,5
A5040821463,Peter Sheridan Dodds,2019-01-16,2019,exploring perceptions of veganism,8,https://doi.org/10.48550/arxiv.1907.12567,W2954766373,"Laura Jennings, Christopher M. Danforth, Peter Sheridan Dodds, Elizabeth C. Pinel, Lizzy Pope",preprint,20.0,5
A5040821463,Peter Sheridan Dodds,2018-12-07,2018,english verb regularization in books and tweets,17,https://doi.org/10.1371/journal.pone.0209651,W2795277328,"Tyler J. Gray, Andrew J. Reagan, Peter Sheridan Dodds, Christopher M. Danforth",article,19.0,4
A5040821463,Peter Sheridan Dodds,2018-07-01,2018,exposure to urban parks improves affect and reduces negativity on twitter.,5,,W2883104974,"Aaron J. Schwartz, Peter Sheridan Dodds, Jarlath O’Neil‐Dunne, Christopher M. Danforth, Taylor H. Ricketts",article,19.0,5
A5040821463,Peter Sheridan Dodds,2018-06-24,2018,average individuals tweet more often during extreme events: an ideal mechanism for social contagion.,0,,W2809511300,"Meredith T. Niles, Benjamin Freixas Emery, Andrew J. Reagan, Peter Sheridan Dodds, Christopher M. Danforth",article,19.0,5
A5040821463,Peter Sheridan Dodds,2018-06-03,2018,continuum rich-get-richer processes: mean field analysis with an application to firm size,1,https://doi.org/10.1103/physreve.97.062317,W2767083109,"David Rushing Dewhurst, Christopher M. Danforth, Peter Sheridan Dodds",article,19.0,3
A5040821463,Peter Sheridan Dodds,2018-04-17,2018,divergent discourse between protests and counter-protests: #blacklivesmatter and #alllivesmatter,134,https://doi.org/10.1371/journal.pone.0195644,W2469199904,"Ryan J. Gallagher, Andrew J. Reagan, Christopher M. Danforth, Peter Sheridan Dodds",article,19.0,4
A5040821463,Peter Sheridan Dodds,2018-01-24,2018,a simple person’s approach to understanding the contagion condition for spreading processes on generalized random networks,0,https://doi.org/10.1007/978-3-319-77332-2_2,W2612869935,Peter Sheridan Dodds,book-chapter,19.0,1
A5040821463,Peter Sheridan Dodds,2018-01-16,2018,a sentiment analysis of breast cancer treatment experiences and healthcare perceptions across twitter,21,https://doi.org/10.48550/arxiv.1805.09959,W2804226884,"Eric M. Clark, Ted A. James, Chris Jones, Amulya Alapati, Promise O. Ukandu, Christopher M. Danforth, Peter Sheridan Dodds",preprint,19.0,7
A5040821463,Peter Sheridan Dodds,2018-01-04,2018,slightly generalized contagion: unifying simple models of biological and social spreading,2,https://doi.org/10.1007/978-3-319-77332-2_4,W2809658407,Peter Sheridan Dodds,book-chapter,19.0,1
A5040821463,Peter Sheridan Dodds,2017-10-31,2017,sentiment analysis methods for understanding large-scale texts: a case for using continuum-scored words and word shift graphs,64,https://doi.org/10.1140/epjds/s13688-017-0121-9,W2766766691,"Andrew J. Reagan, Christopher M. Danforth, Brian F. Tivnan, Jake Ryland Williams, Peter Sheridan Dodds",article,18.0,5
A5040821463,Peter Sheridan Dodds,2017-10-24,2017,forecasting the onset and course of mental illness with twitter data,364,https://doi.org/10.1038/s41598-017-12961-9,W2962848499,"Andrew Reece, Andrew J. Reagan, Katharina Lix, Peter Sheridan Dodds, Christopher M. Danforth, Ellen J. Langer",article,18.0,6
A5040821463,Peter Sheridan Dodds,2017-08-04,2017,slightly generalized generalized contagion: unifying simple models of biological and social spreading,0,,W2750692552,Peter Sheridan Dodds,preprint,18.0,1
A5040821463,Peter Sheridan Dodds,2017-05-30,2017,simon's fundamental rich-get-richer model entails a dominant first-mover advantage,13,https://doi.org/10.1103/physreve.95.052301,W2514506604,"Peter Sheridan Dodds, David Rushing Dewhurst, Fletcher F. Hazlehurst, Colin M. Van Oort, Lewis Mitchell, Andrew J. Reagan, Jake Ryland Williams, Christopher M. Danforth",article,18.0,8
A5040821463,Peter Sheridan Dodds,2017-05-20,2017,is language evolution grinding to a halt? the scaling of lexical turbulence in english fiction suggests it is not,20,https://doi.org/10.1016/j.jocs.2017.04.020,W2964202302,"Eitan Adam Pechenick, Christopher M. Danforth, Peter Sheridan Dodds",article,18.0,3
A5040821463,Peter Sheridan Dodds,2017-02-19,2017,the lexicocalorimeter: gauging public health through caloric input and output on social media,30,https://doi.org/10.1371/journal.pone.0168893,W2963795346,"Sharon E. Alajajian, Jake Ryland Williams, Andrew J. Reagan, Stephen Alajajian, Morgan R. Frank, Lewis Mitchell, Jacob Lahne, Christopher M. Danforth, Peter Sheridan Dodds",article,18.0,9
A5040821463,Peter Sheridan Dodds,2017-01-15,2017,a simple person's approach to understanding the contagion condition for spreading processes on generalized random networks,0,https://doi.org/10.48550/arxiv.1705.02419,W4297416410,Peter Sheridan Dodds,preprint,18.0,1
A5040821463,Peter Sheridan Dodds,2017-01-07,2017,on the thermodynamic formalism for the farey map,2,https://doi.org/10.48550/arxiv.1701.04486,W2185983132,"A Thesis, Peter Sheridan Dodds",preprint,18.0,2
A5040821463,Peter Sheridan Dodds,2016-12-19,2016,connecting every bit of knowledge: the structure of wikipedia's first link network,5,https://doi.org/10.1016/j.jocs.2016.12.001,W2963036401,"Mark Ibrahim, Christopher M. Danforth, Peter Sheridan Dodds",article,17.0,3
A5040821463,Peter Sheridan Dodds,2016-11-24,2016,the emotional arcs of stories are dominated by six basic shapes,332,https://doi.org/10.1140/epjds/s13688-016-0093-1,W3100779964,"Andrew J. Reagan, Lewis Mitchell, Dilan Kiley, Christopher M. Danforth, Peter Sheridan Dodds",article,17.0,5
A5040821463,Peter Sheridan Dodds,2016-08-08,2016,what we write about when we write about causality: features of causal statements across large-scale social discourse,0,https://doi.org/10.1109/asonam.2016.7752284,W2339216245,"Thomas McAndrew, Joshua Bongard, Christopher M. Danforth, Peter Sheridan Dodds, Paul Hines, James P. Bagrow",article,17.0,6
A5040821463,Peter Sheridan Dodds,2016-07-10,2016,vaporous marketing: uncovering pervasive electronic cigarette advertisements on twitter,76,https://doi.org/10.1371/journal.pone.0157304,W2962985272,"Eric M. Clark, Chris Jones, Jake Ryland Williams, Allison N. Kurti, Mitchell C. Norotsky, Christopher M. Danforth, Peter Sheridan Dodds",article,17.0,7
A5040821463,Peter Sheridan Dodds,2016-05-16,2016,game story space of professional sports: australian rules football,16,https://doi.org/10.1103/physreve.93.052314,W1921398205,"Dilan Kiley, Andrew J. Reagan, Lewis Mitchell, Christopher M. Danforth, Peter Sheridan Dodds",article,17.0,5
A5040821463,Peter Sheridan Dodds,2016-05-13,2016,"tracking climate change through the spatiotemporal dynamics of the teletherms, the statistically hottest and coldest days of the year",4,https://doi.org/10.1371/journal.pone.0154184,W2380570749,"Peter Sheridan Dodds, Lewis Mitchell, Andrew J. Reagan, Christopher M. Danforth",article,17.0,4
A5040821463,Peter Sheridan Dodds,2016-04-23,2016,transitions in climate and energy discourse between hurricanes katrina and sandy,23,https://doi.org/10.1007/s13412-016-0391-8,W1866891026,"Emily M. Cody, Jennie C. Stephens, James P. Bagrow, Peter Sheridan Dodds, Christopher M. Danforth",article,17.0,5
A5040821463,Peter Sheridan Dodds,2016-02-18,2016,predicting flow reversals in a computational fluid dynamics simulated thermosyphon using data assimilation,4,https://doi.org/10.1371/journal.pone.0148134,W2242386215,"Andrew J. Reagan, Yves Dubief, Peter Sheridan Dodds, Christopher M. Danforth",article,17.0,4
A5040821463,Peter Sheridan Dodds,2016-01-26,2016,public opinion polling with twitter,16,https://doi.org/10.48550/arxiv.1608.02024,W2483590864,"Emily M. Cody, Andrew J. Reagan, Peter Sheridan Dodds, Christopher M. Danforth",preprint,17.0,4
A5040821463,Peter Sheridan Dodds,2016-01-10,2016,"selection models of language production support informed text partitioning: an intuitive and practical, bag-of-phrases framework for text analysis",1,,W2268721926,"Jake Ryland Williams, James P. Bagrow, Andrew J. Reagan, Sharon E. Alajajian, Christopher M. Danforth, Peter Sheridan Dodds",preprint,17.0,6
A5040821463,Peter Sheridan Dodds,2016-01-03,2016,zipf's law is a consequence of coherent language production,7,https://doi.org/10.48550/arxiv.1601.07969,W2514946965,"Jake Ryland Williams, James P. Bagrow, Andrew J. Reagan, Sharon E. Alajajian, Christopher M. Danforth, Peter Sheridan Dodds",preprint,17.0,6
A5040821463,Peter Sheridan Dodds,2015-11-05,2015,sifting robotic from organic text: a natural language approach for detecting automation on twitter,108,https://doi.org/10.1016/j.jocs.2015.11.002,W2963208026,"Eric M. Clark, Jake Ryland Williams, Chris Jones, Richard A. Galbraith, Christopher M. Danforth, Peter Sheridan Dodds",article,16.0,6
A5040821463,Peter Sheridan Dodds,2015-10-26,2015,characterizing the google books corpus: strong limits to inferences of socio-cultural and linguistic evolution,390,https://doi.org/10.1371/journal.pone.0137041,W1808906688,"Eitan Adam Pechenick, Christopher M. Danforth, Peter Sheridan Dodds",article,16.0,3
A5040821463,Peter Sheridan Dodds,2015-10-13,2015,quantitative patterns in drone wars,4,https://doi.org/10.1016/j.physa.2015.09.055,W1788129058,"Javier García-Bernardo, Peter Sheridan Dodds, Neil F. Johnson",article,16.0,3
A5040821463,Peter Sheridan Dodds,2015-10-02,2015,identifying missing dictionary entries with frequency-conserving context models,8,https://doi.org/10.1103/physreve.92.042808,W2962764572,"Jake Ryland Williams, Eric M. Clark, James P. Bagrow, Christopher M. Danforth, Peter Sheridan Dodds",article,16.0,5
A5040821463,Peter Sheridan Dodds,2015-09-23,2015,nonlinear functional mapping of the human brain.,3,,W2294587610,"Nicholas Allgaier, Tobias Banaschewski, Gareth J. Barker, Arun L.W. Bokde, Josh Bongard, Uli Bromberg, Christian Büchel, Anna Cattrell, Patricia Conrod, Christopher M. Danforth, Sylvane Desrivières, Peter Sheridan Dodds, Herta Flor, Vincent Frouin, Jürgen Gallinat, Penny Gowland, Andreas Heinz, Bernd Ittermann, Scott Mackey, Jean‐Luc Martinot, Kevin D. Murphy, Frauke Nees, Dimitri Papadopoulos Orfanos, Luise Poustka, Michael N. Smolka, Henrik Walter, Robert Whelan, Günter Schumann, Hugh Garavan",preprint,16.0,29
A5040821463,Peter Sheridan Dodds,2015-08-26,2015,"zipf’s law holds for phrases, not words",55,https://doi.org/10.1038/srep12209,W1595276309,"Jake Ryland Williams, Paul R. Lessard, Suma Desu, Eric M. Clark, James P. Bagrow, Christopher M. Danforth, Peter Sheridan Dodds",article,16.0,7
A5040821463,Peter Sheridan Dodds,2015-08-03,2015,climate change sentiment on twitter: an unsolicited public opinion poll,261,https://doi.org/10.1371/journal.pone.0136092,W2121556199,"Emily M. Cody, Andrew J. Reagan, Lewis Mitchell, Peter Sheridan Dodds, Christopher M. Danforth",article,16.0,5
A5040821463,Peter Sheridan Dodds,2015-05-16,2015,text mixing shapes the anatomy of rank-frequency distributions,32,https://doi.org/10.1103/physreve.91.052811,W1500871507,"Jake Ryland Williams, James P. Bagrow, Christopher M. Danforth, Peter Sheridan Dodds",article,16.0,4
A5040821463,Peter Sheridan Dodds,2015-03-21,2015,is language evolution grinding to a halt?: exploring the life and death of words in english fiction.,4,,W1919821009,"Eitan Adam Pechenick, Christopher M. Danforth, Peter Sheridan Dodds",preprint,16.0,3
A5040821463,Peter Sheridan Dodds,2015-02-13,2015,human language reveals a universal positivity bias,363,https://doi.org/10.1073/pnas.1411678112,W2022792389,"Peter Sheridan Dodds, Eric M. Clark, Suma Desu, Morgan R. Frank, Andrew J. Reagan, Jake Ryland Williams, Lewis Mitchell, Kameron Decker Harris, Isabel M. Kloumann, James P. Bagrow, Karine Megerdoomian, Matthew T. McMahon, Brian F. Tivnan, Christopher M. Danforth",article,16.0,14
A5040821463,Peter Sheridan Dodds,2015-01-26,2015,benchmarking sentiment analysis methods for large-scale texts: a case for using continuum-scored words and word shift graphs,27,https://doi.org/10.48550/arxiv.1512.00531,W2266540986,"Andrew J. Reagan, Brian F. Tivnan, Jake Ryland Williams, Christopher M. Danforth, Peter Sheridan Dodds",preprint,16.0,5
A5040821463,Peter Sheridan Dodds,2015-01-22,2015,nonlinear functional mapping of the human brain,1,https://doi.org/10.48550/arxiv.1510.03765,W4293662453,"Nicholas Allgaier, Tobias Banaschewski, Gareth J. Barker, Arun L.W. Bokde, Josh Bongard, Uli Bromberg, Christian Büchel, Anna Cattrell, Patricia Conrod, Christopher M. Danforth, Sylvane Desrivières, Peter Sheridan Dodds, Herta Flor, Vincent Frouin, Jürgen Gallinat, Penny Gowland, Andreas Heinz, Bernd Ittermann, Scott Mackey, Jean‐Luc Martinot, Kevin Murphy, Frauke Nees, Dimitri Papadopoulos Orfanos, Luise Poustka, Michael N. Smolka, Henrik Walter, Robert Whelan, Günter Schumann, Hugh Garavan, IMAGEN Consortium",preprint,16.0,30
A5040821463,Peter Sheridan Dodds,2015-01-20,2015,tracking the teletherms: the spatiotemporal dynamics of the hottest and coldest days of the year,0,https://doi.org/10.48550/arxiv.1508.05938,W1930561531,"Peter Sheridan Dodds, Lewis Mitchell, Andrew J. Reagan, Christopher M. Danforth",preprint,16.0,4
A5040821463,Peter Sheridan Dodds,2015-01-12,2015,"social media affects the timing, location, and severity of school shootings",3,https://doi.org/10.48550/arxiv.1506.06305,W1151184206,"Javier García-Bernardo, Hong Qi, James M. Shultz, Alyssa Cohen, Neil F. Johnson, Peter Sheridan Dodds",preprint,16.0,6
A5040821463,Peter Sheridan Dodds,2014-10-31,2014,social media meets population health: a sentiment and demographic analysis of tobacco and e-cigarette use across the “twittersphere”,3,https://doi.org/10.1016/j.jval.2014.08.2093,W2322860747,"Eric M. Clark, Chris Jones, Diann E. Gaalema, T. J. White, Ryan Redner, R.W. Everett, Peter Sheridan Dodds, Marion E. Couch, Christopher M. Danforth",article,15.0,9
A5040821463,Peter Sheridan Dodds,2014-10-16,2014,estimation of global network statistics from incomplete data,37,https://doi.org/10.1371/journal.pone.0108471,W2003129826,"Catherine A. Bliss, Christopher M. Danforth, Peter Sheridan Dodds",article,15.0,3
A5040821463,Peter Sheridan Dodds,2014-10-15,2014,standing swells surveyed showing surprisingly stable solutions for the lorenz '96 model,17,https://doi.org/10.1142/s0218127414300274,W2077831499,"Morgan R. Frank, Lewis Mitchell, Peter Sheridan Dodds, Christopher M. Danforth",article,15.0,4
A5040821463,Peter Sheridan Dodds,2014-07-06,2014,collective philanthropy: describing and modeling the ecology of giving,5,https://doi.org/10.1371/journal.pone.0098876,W1982532518,"William L. Gottesman, Andrew J. Reagan, Peter Sheridan Dodds",article,15.0,3
A5040821463,Peter Sheridan Dodds,2014-06-21,2014,"zipf's law holds for phrases, not words",0,,W2949135714,"Jake Ryland Williams, Paul R. Lessard, Suma Desu, Eric M. Clark, James P. Bagrow, Christopher M. Danforth, Peter Sheridan Dodds",preprint,15.0,7
A5040821463,Peter Sheridan Dodds,2014-02-23,2014,an evolutionary algorithm approach to link prediction in dynamic social networks,190,https://doi.org/10.1016/j.jocs.2014.01.003,W2031063730,"Catherine A. Bliss, Morgan R. Frank, Christopher M. Danforth, Peter Sheridan Dodds",article,15.0,4
A5040821463,Peter Sheridan Dodds,2014-01-11,2014,constructing a taxonomy of fine-grained human movement and activity motifs through social media,1,https://doi.org/10.48550/arxiv.1410.1393,W2153566743,"Morgan R. Frank, Jake Ryland Williams, Lewis Mitchell, James P. Bagrow, Peter Sheridan Dodds, Christopher M. Danforth",preprint,15.0,6
A5040821463,Peter Sheridan Dodds,2013-12-29,2013,shadow networks: discovering hidden nodes with models of information flow,7,,W2107867072,"James P. Bagrow, Suma Desu, Morgan R. Frank, Narine Manukyan, Lewis Mitchell, Andrew J. Reagan, Eric Bloedorn, Lashon B. Booker, L. Karl Branting, Michael J. Smith, Brian F. Tivnan, Christopher M. Danforth, Peter Sheridan Dodds, Joshua Bongard",preprint,14.0,14
A5040821463,Peter Sheridan Dodds,2013-09-25,2013,happiness and the patterns of life: a study of geolocated tweets,163,https://doi.org/10.1038/srep02625,W2121208314,"Morgan R. Frank, Lewis Mitchell, Peter Sheridan Dodds, Christopher M. Danforth",article,14.0,4
A5040821463,Peter Sheridan Dodds,2013-08-25,2013,dynamical influence processes on networks: general theory and applications to social contagion,11,https://doi.org/10.1103/physreve.88.022816,W2016561886,"Kameron Decker Harris, Christopher M. Danforth, Peter Sheridan Dodds",article,14.0,3
A5040821463,Peter Sheridan Dodds,2013-05-08,2013,"the geography of happiness: connecting twitter sentiment and expression, demographics, and objective characteristics of place",504,https://doi.org/10.1371/journal.pone.0064417,W2123329834,"Lewis Mitchell, Morgan R. Frank, Kameron Decker Harris, Peter Sheridan Dodds, Christopher M. Danforth",article,14.0,5
A5040821463,Peter Sheridan Dodds,2013-04-05,2013,"limited imitation contagion on random networks: chaos, universality, and unpredictability",42,https://doi.org/10.1103/physrevlett.110.158701,W2963560040,"Peter Sheridan Dodds, Kameron Decker Harris, Christopher M. Danforth",article,14.0,3
A5040821463,Peter Sheridan Dodds,2013-01-31,2013,"principles of complex systems csys/math 300, spring, 2013 | #springpocs2013",0,,W2184604674,Peter Sheridan Dodds,article,14.0,1
A5040821463,Peter Sheridan Dodds,2013-01-30,2013,"the amusing law of benford principles of complex systems csys/math 300, spring, 2013 | #springpocs2013",0,,W2188610078,Peter Sheridan Dodds,article,14.0,1
A5040821463,Peter Sheridan Dodds,2013-01-24,2013,"mechanisms for generating power-law size distributions, part 1 principles of complex systems | @pocsvox csys/math 300, fall, 2013 | #fallpocs2013",0,,W2556252743,Peter Sheridan Dodds,article,14.0,1
A5040821463,Peter Sheridan Dodds,2013-01-11,2013,"core models of complex networks principles of complex systems csys/math 300, spring, 2013 | #springpocs2013",0,,W2184439843,Peter Sheridan Dodds,article,14.0,1
A5040821463,Peter Sheridan Dodds,2013-01-09,2013,"voting, success, and superstars principles of complex systems csys/math 300, spring, 2013 | #springpocs2013",0,,W2188029809,Peter Sheridan Dodds,article,14.0,1
A5040821463,Peter Sheridan Dodds,2013-01-08,2013,"the amusing law of benford principles of complex systems | @pocsvox csys/math 300, fall, 2013 | #fallpocs2013",0,,W2556072325,Peter Sheridan Dodds,article,14.0,1
A5040821463,Peter Sheridan Dodds,2012-05-03,2012,twitter reciprocal reply networks exhibit assortativity with respect to happiness,132,https://doi.org/10.1016/j.jocs.2012.05.001,W2100154379,"Catherine A. Bliss, Isabel M. Kloumann, Kameron Decker Harris, Christopher M. Danforth, Peter Sheridan Dodds",article,13.0,5
A5040821463,Peter Sheridan Dodds,2012-01-03,2012,positivity of the english language,119,https://doi.org/10.1371/journal.pone.0029484,W2087138776,"Isabel M. Kloumann, Christopher M. Danforth, Kameron Decker Harris, Catherine A. Bliss, Peter Sheridan Dodds",article,13.0,5
A5040821463,Peter Sheridan Dodds,2011-12-08,2011,temporal patterns of happiness and information in a global social network: hedonometrics and twitter,782,https://doi.org/10.1371/journal.pone.0026752,W2099366530,"Peter Sheridan Dodds, Kameron Decker Harris, Isabel M. Kloumann, Catherine A. Bliss, Christopher M. Danforth",article,12.0,5
A5040821463,Peter Sheridan Dodds,2011-07-08,2011,"exact solutions for social and biological contagion models on mixed directed and undirected, degree-correlated random networks",17,https://doi.org/10.1103/physreve.84.016110,W1917126353,"Joshua L. Payne, Kameron Decker Harris, Peter Sheridan Dodds",article,12.0,3
A5040821463,Peter Sheridan Dodds,2011-05-20,2011,"direct, physically motivated derivation of the contagion condition for spreading processes on generalized random networks",13,https://doi.org/10.1103/physreve.83.056122,W2962781177,"Peter Sheridan Dodds, Kameron Decker Harris, Joshua L. Payne",article,12.0,3
A5040821463,Peter Sheridan Dodds,2011-01-30,2011,"direct, physically-motivated derivation of the contagion condition for spreading processes on generalized random networks",0,https://doi.org/10.48550/arxiv.1101.5591,W4297162508,"Peter Sheridan Dodds, Kameron Decker Harris, Joshua L. Payne",preprint,12.0,3
A5040821463,Peter Sheridan Dodds,2011-01-16,2011,"physical, transparent derivation of the contagion condition for spreading processes on generalized random networks",0,,W321125400,"Peter Sheridan Dodds, Kameron Decker Harris, Joshua L. Payne",article,12.0,3
A5040821463,Peter Sheridan Dodds,2011-01-01,2011,"direct, physically motivated derivation of triggering probabilities for spreading processes on generalized random networks",0,https://doi.org/10.48550/arxiv.1108.5398,W318482466,"Kameron Decker Harris, Joshua L. Payne, Peter Sheridan Dodds",preprint,12.0,3
A5040821463,Peter Sheridan Dodds,2010-01-01,2010,optimal form of branching supply and collection networks,88,https://doi.org/10.1103/physrevlett.104.048702,W2127932091,Peter Sheridan Dodds,article,11.0,1
A5040821463,Peter Sheridan Dodds,2009-08-28,2009,information cascades on degree-correlated random networks,57,https://doi.org/10.1103/physreve.80.026125,W2169365842,"Joshua L. Payne, Peter Sheridan Dodds, Margaret J. Eppstein",article,10.0,3
A5040821463,Peter Sheridan Dodds,2009-07-31,2009,"measuring the happiness of large-scale written expression: songs, blogs, and presidents",289,https://doi.org/10.1007/s10902-009-9150-9,W3105915590,"Peter Sheridan Dodds, Christopher M. Danforth",article,10.0,2
A5040821463,Peter Sheridan Dodds,2009-06-17,2009,analysis of a threshold model of social contagion on degree-correlated networks,59,https://doi.org/10.1103/physreve.79.066115,W2096250653,"Peter Sheridan Dodds, Joshua L. Payne",article,10.0,2
A5040821463,Peter Sheridan Dodds,2009-01-26,2009,on the optimal form of branching supply and collection networks,2,https://doi.org/10.48550/arxiv.0909.1104,W1616838406,Peter Sheridan Dodds,preprint,10.0,1
A5040821463,Peter Sheridan Dodds,2009-01-20,2009,"principles of complex systems course csys/math 300, fall, 2009",0,,W2185076629,Peter Sheridan Dodds,article,10.0,1
A5040821463,Peter Sheridan Dodds,2008-07-01,2008,"modeling social interactions: identification, empirical methods and policy implications",235,https://doi.org/10.1007/s11002-008-9048-z,W2156467326,"Wesley R. Hartmann, Puneet Manchanda, Harikesh S. Nair, Matthew S. Bothner, Peter Sheridan Dodds, David Godes, Kartik Hosanagar, Catherine M. Tucker",article,9.0,8
A5040821463,Peter Sheridan Dodds,2008-01-13,2008,"principles of complex systems course 300, fall, 2008",0,,W2181514136,Peter Sheridan Dodds,article,9.0,1
A5040821463,Peter Sheridan Dodds,2008-01-02,2008,more mechanisms for generating power-law distributions,0,,W2189313226,"Self-organized Criticality, Peter Sheridan Dodds",article,9.0,2
A5040821463,Peter Sheridan Dodds,2007-12-30,2007,"influentials, networks, and public opinion formation",1854,https://doi.org/10.1086/518527,W2150375325,"Duncan J. Watts, Peter Sheridan Dodds",article,8.0,2
A5040821463,Peter Sheridan Dodds,2007-07-01,2007,cooperation in evolving social networks,267,https://doi.org/10.1287/mnsc.1060.0625,W2106668931,"Nobuyuki Hanaki, Alexander Peterhansl, Peter Sheridan Dodds, Duncan J. Watts",article,8.0,4
A5040821463,Peter Sheridan Dodds,2006-08-28,2006,self-fulfilling prophecies in cultural markets: an experimental approach,0,,W2281933184,"Matthew Salganik, Peter Sheridan Dodds, Duncan J. Watts",article,7.0,3
A5040821463,Peter Sheridan Dodds,2005-08-07,2005,cascades of culture: exploring extreme variation and extreme unpredictability with modeling and experiments,1,,W2290701952,"Matthew Salganik, Peter Sheridan Dodds, Duncan J. Watts",article,6.0,3
A5040821463,Peter Sheridan Dodds,2005-07-27,2005,"multiscale, resurgent epidemics in a hierarchical metapopulation model",299,https://doi.org/10.1073/pnas.0501226102,W2161335593,"Duncan J. Watts, Roby Muhamad, Daniel C. Medina, Peter Sheridan Dodds",article,6.0,4
A5040821463,Peter Sheridan Dodds,2005-05-28,2005,models of social and biological contagion: are puma shoes some kind of virus?,0,,W2304988110,Peter Sheridan Dodds,article,6.0,1
A5040821463,Peter Sheridan Dodds,2005-01-30,2005,early nutrition and its later consequences: new opportunities,37,https://doi.org/10.1007/1-4020-3535-7,W2551634514,"Berthold Koletzko, Peter Sheridan Dodds, Hans Akerblom, Margaret Ashwell",book,6.0,4
A5040821463,Peter Sheridan Dodds,2005-01-26,2005,early nutrition and its later consequences : new opportunities ; perinatal programming of adult health - ec supported research,7,,W585967337,"Berthold Koletzko, Peter Sheridan Dodds, Margaret Ashwell",book,6.0,3
A5040821463,Peter Sheridan Dodds,2004-11-18,2004,a generalized model of social and biological contagion,435,https://doi.org/10.1016/j.jtbi.2004.09.006,W1986252988,"Peter Sheridan Dodds, Duncan J. Watts",article,5.0,2
A5040821463,Peter Sheridan Dodds,2004-05-08,2004,universal behavior in a generalized model of contagion,552,https://doi.org/10.1103/physrevlett.92.218701,W2067919779,"Peter Sheridan Dodds, Duncan J. Watts",article,5.0,2
A5040821463,Peter Sheridan Dodds,2003-10-18,2003,information exchange and the robustness of organizational networks,232,https://doi.org/10.1073/pnas.1534702100,W2134953154,"Peter Sheridan Dodds, Duncan J. Watts, Charles F. Sabel",article,4.0,3
A5040821463,Peter Sheridan Dodds,2003-08-12,2003,an experimental study of search in global social networks,866,https://doi.org/10.1126/science.1081058,W2053634345,"Peter Sheridan Dodds, Roby Muhamad, Duncan J. Watts",article,4.0,3
A5040821463,Peter Sheridan Dodds,2003-02-09,2003,how reality bites: the production of australian soap operas,5,https://doi.org/10.1177/1329878x0310600109,W1508608522,"Michael Sergi, Peter Sheridan Dodds",article,4.0,2
A5040821463,Peter Sheridan Dodds,2003-01-17,2003,packing-limited growth of irregular objects,19,https://doi.org/10.1103/physreve.67.016117,W2171154296,"Peter Sheridan Dodds, Joshua S. Weitz",article,4.0,2
A5040821463,Peter Sheridan Dodds,2003-01-03,2003,exploring novice players' volleyball knowledge in the context situation of game play,6,,W1548007948,"Peter Sheridan Dodds, ML Henninger, KG Patton, Karen Pagnano, LL Griffin",article,4.0,5
A5040821463,Peter Sheridan Dodds,2002-08-08,2002,the use of refocusing in acute psychiatric care.,15,,W2439382648,"Nick Bowles, Peter Sheridan Dodds",article,3.0,2
A5040821463,Peter Sheridan Dodds,2002-05-28,2002,identity and search in social networks,1054,https://doi.org/10.1126/science.1070120,W2070497706,"Duncan J. Watts, Peter Sheridan Dodds, M. E. J. Newman",article,3.0,3
A5040821463,Peter Sheridan Dodds,2002-05-18,2002,packing-limited growth,55,https://doi.org/10.1103/physreve.65.056108,W2031707567,"Peter Sheridan Dodds, Joshua S. Weitz",article,3.0,2
A5040821463,Peter Sheridan Dodds,2001-04-10,2001,dismantling formal observation and refocusing nursing activity in acute inpatient psychiatry: a case study,76,https://doi.org/10.1046/j.1365-2850.2001.0365d.x,W1983120777,"Peter Sheridan Dodds, Nick Bowles",article,2.0,2
A5040821463,Peter Sheridan Dodds,2001-03-16,2001,re-examination of the “3/4-law” of metabolism,588,https://doi.org/10.1006/jtbi.2000.2238,W1987912573,"Peter Sheridan Dodds, D. Rothman, Joshua S. Weitz",article,2.0,3
A5040821463,Peter Sheridan Dodds,2000-12-22,2000,geometry of river networks. ii. distributions of component size and number,55,https://doi.org/10.1103/physreve.63.016116,W1986518004,"Peter Sheridan Dodds, Daniel H. Rothman",article,1.0,2
A5040821463,Peter Sheridan Dodds,2000-12-22,2000,"geometry of river networks. i. scaling, fluctuations, and deviations",137,https://doi.org/10.1103/physreve.63.016115,W2097779513,"Peter Sheridan Dodds, Daniel H. Rothman",article,1.0,2
A5040821463,Peter Sheridan Dodds,2000-12-17,2000,geometry of river networks. iii. characterization of component connectivity,78,https://doi.org/10.1103/physreve.63.016117,W1963723684,"Peter Sheridan Dodds, Daniel H. Rothman",article,1.0,2
A5040821463,Peter Sheridan Dodds,2000-05-20,2000,"scaling, universality, and geomorphology",303,https://doi.org/10.1146/annurev.earth.28.1.571,W2137338238,"Peter Sheridan Dodds, Daniel H. Rothman",article,1.0,2
A5040821463,Peter Sheridan Dodds,2000-01-31,2000,"scaling ,u niversality, and geomorphology",0,,W2188901093,"Peter Sheridan Dodds, Daniel H. Rothman",article,1.0,2
A5040821463,Peter Sheridan Dodds,2000-01-04,2000,"re-examination of the ""3/4-law"" of metabolism",0,https://doi.org/10.48550/arxiv.physics/0007096,W2953223050,"Peter Sheridan Dodds, Daniel H. Rothman, Joshua S. Weitz",preprint,1.0,3
A5040821463,Peter Sheridan Dodds,1999-05-17,1999,unified view of scaling laws for river networks,125,https://doi.org/10.1103/physreve.59.4865,W2007938102,"Peter Sheridan Dodds, Daniel H. Rothman",article,0.0,2
