pub_year,pub_date,aid,institution,name,author_age,first_pub_year,last_pub_year,yearly_collabo,all_times_collabo,acquaintance,shared_institutions,coauth_aid,coauth_name,coauth_age,coauth_min_year,age_diff,age_bucket,age_std
1999,1999-05-11,A5040821463,Massachusetts Institute of Technology,Peter Sheridan Dodds,0,1999,2025,1,1,new_collab,Massachusetts Institute of Technology,A5109969840,Daniel H. Rothman,16.0,1983.0,16.0,much_older,1000-05-11
2000,2000-12-28,A5040821463,Massachusetts Institute of Technology,Peter Sheridan Dodds,1,1999,2025,6,7,existing_collab,Massachusetts Institute of Technology,A5109969840,Daniel H. Rothman,17.0,1983.0,16.0,much_older,1001-12-28
2000,2000-12-13,A5040821463,Massachusetts Institute of Technology,Peter Sheridan Dodds,1,1999,2025,1,1,new_collab,Massachusetts Institute of Technology,A5020490780,Joshua S. Weitz,30.0,1970.0,29.0,much_older,1001-12-13
2001,2001-03-03,A5040821463,Massachusetts Institute of Technology,Peter Sheridan Dodds,2,1999,2025,1,1,new_collab,Massachusetts Institute of Technology,A5007934989,Nick Bowles,7.0,1994.0,5.0,same_age,1002-03-03
2001,2001-04-14,A5040821463,Massachusetts Institute of Technology,Peter Sheridan Dodds,2,1999,2025,1,1,new_collab,Massachusetts Institute of Technology,A5040248352,D. Rothman,30.0,1971.0,28.0,much_older,1002-04-14
2001,2001-03-03,A5040821463,Massachusetts Institute of Technology,Peter Sheridan Dodds,2,1999,2025,1,2,existing_collab,Massachusetts Institute of Technology,A5020490780,Joshua S. Weitz,31.0,1970.0,29.0,much_older,1002-03-03
2002,2002-05-08,A5040821463,Earth Island Institute,Peter Sheridan Dodds,3,1999,2025,1,2,existing_collab,Earth Island Institute,A5007934989,Nick Bowles,8.0,1994.0,5.0,same_age,1003-05-08
2002,2002-05-08,A5040821463,Earth Island Institute,Peter Sheridan Dodds,3,1999,2025,1,1,new_collab,Earth Island Institute,A5000679279,Duncan J. Watts,4.0,1998.0,1.0,same_age,1003-05-08
2002,2002-05-08,A5040821463,Earth Island Institute,Peter Sheridan Dodds,3,1999,2025,1,1,new_collab,Earth Island Institute,A5067142016,M. E. J. Newman,39.0,1963.0,36.0,much_older,1003-05-08
2002,2002-05-08,A5040821463,Earth Island Institute,Peter Sheridan Dodds,3,1999,2025,1,3,existing_collab,Earth Island Institute,A5020490780,Joshua S. Weitz,32.0,1970.0,29.0,much_older,1003-05-08
2003,2003-08-09,A5040821463,Columbia University,Peter Sheridan Dodds,4,1999,2025,2,3,existing_collab,Columbia University,A5000679279,Duncan J. Watts,5.0,1998.0,1.0,same_age,1004-08-09
2003,2003-02-14,A5040821463,Columbia University,Peter Sheridan Dodds,4,1999,2025,1,1,new_collab,Columbia University,A5045935220,Charles F. Sabel,25.0,1978.0,21.0,much_older,1004-02-14
2003,2003-01-14,A5040821463,Columbia University,Peter Sheridan Dodds,4,1999,2025,1,1,new_collab,Columbia University,A5001893057,Roby Muhamad,4.0,1999.0,0.0,same_age,1004-01-14
2003,2003-02-14,A5040821463,Columbia University,Peter Sheridan Dodds,4,1999,2025,1,1,new_collab,Columbia University,A5001328411,Michael Sergi,-5.0,2008.0,-9.0,younger,1004-02-14
2003,2003-10-08,A5040821463,Columbia University,Peter Sheridan Dodds,4,1999,2025,1,4,existing_collab,Columbia University,A5020490780,Joshua S. Weitz,33.0,1970.0,29.0,much_older,1004-10-08
2003,2003-01-01,A5040821463,Columbia University,Peter Sheridan Dodds,4,1999,2025,1,1,new_collab,Columbia University,A5052114337,ML Henninger,0.0,2003.0,-4.0,same_age,1004-01-01
2003,2003-02-14,A5040821463,Columbia University,Peter Sheridan Dodds,4,1999,2025,1,1,new_collab,Columbia University,A5005607685,KG Patton,1.0,2002.0,-3.0,same_age,1004-02-14
2003,2003-10-08,A5040821463,Columbia University,Peter Sheridan Dodds,4,1999,2025,1,1,new_collab,Columbia University,A5058626878,Karen Pagnano,2.0,2001.0,-2.0,same_age,1004-10-08
2003,2003-10-08,A5040821463,Columbia University,Peter Sheridan Dodds,4,1999,2025,1,1,new_collab,Columbia University,A5077283928,LL Griffin,7.0,1996.0,3.0,same_age,1004-10-08
2004,2004-05-27,A5040821463,Columbia University,Peter Sheridan Dodds,5,1999,2025,2,5,existing_collab,Columbia University,A5000679279,Duncan J. Watts,6.0,1998.0,1.0,same_age,1005-05-27
2005,2005-08-16,A5040821463,Columbia University,Peter Sheridan Dodds,6,1999,2025,1,1,new_collab,Columbia University,A5058815871,Matthew Salganik,1.0,2004.0,-5.0,same_age,1006-08-16
2005,2005-01-06,A5040821463,Columbia University,Peter Sheridan Dodds,6,1999,2025,2,7,existing_collab,Columbia University,A5000679279,Duncan J. Watts,7.0,1998.0,1.0,same_age,1006-01-06
2005,2005-07-24,A5040821463,Columbia University,Peter Sheridan Dodds,6,1999,2025,1,2,existing_collab,Columbia University,A5001893057,Roby Muhamad,6.0,1999.0,0.0,same_age,1006-07-24
2005,2005-08-16,A5040821463,Columbia University,Peter Sheridan Dodds,6,1999,2025,1,1,new_collab,Columbia University,A5103485800,Daniel C. Medina,4.0,2001.0,-2.0,same_age,1006-08-16
2005,2005-01-04,A5040821463,Columbia University,Peter Sheridan Dodds,6,1999,2025,2,2,new_collab,Columbia University,A5087618628,Berthold Koletzko,24.0,1981.0,18.0,much_older,1006-01-04
2005,2005-01-04,A5040821463,Columbia University,Peter Sheridan Dodds,6,1999,2025,1,1,new_collab,Columbia University,A5109098737,Hans Akerblom,43.0,1962.0,37.0,much_older,1006-01-04
2005,2005-01-04,A5040821463,Columbia University,Peter Sheridan Dodds,6,1999,2025,2,2,new_collab,Columbia University,A5057787547,Margaret Ashwell,27.0,1978.0,21.0,much_older,1006-01-04
2006,2006-08-11,A5040821463,Santa Fe Institute,Peter Sheridan Dodds,7,1999,2025,1,2,existing_collab,Santa Fe Institute,A5058815871,Matthew Salganik,2.0,2004.0,-5.0,same_age,1007-08-11
2006,2006-08-11,A5040821463,Santa Fe Institute,Peter Sheridan Dodds,7,1999,2025,1,8,existing_collab,Santa Fe Institute,A5000679279,Duncan J. Watts,8.0,1998.0,1.0,same_age,1007-08-11
2007,2007-12-08,A5040821463,University of Vermont,Peter Sheridan Dodds,8,1999,2025,2,10,existing_collab,University of Vermont,A5000679279,Duncan J. Watts,9.0,1998.0,1.0,same_age,1008-12-08
2007,2007-12-08,A5040821463,University of Vermont,Peter Sheridan Dodds,8,1999,2025,1,1,new_collab,University of Vermont,A5033935340,Nobuyuki Hanaki,5.0,2002.0,-3.0,same_age,1008-12-08
2007,2007-12-08,A5040821463,University of Vermont,Peter Sheridan Dodds,8,1999,2025,1,1,new_collab,University of Vermont,A5002658393,Alexander Peterhansl,5.0,2002.0,-3.0,same_age,1008-12-08
2008,2008-01-01,A5040821463,University of Vermont,Peter Sheridan Dodds,9,1999,2025,1,1,new_collab,University of Vermont,A5072177058,Wesley R. Hartmann,3.0,2005.0,-6.0,same_age,1009-01-01
2008,2008-01-01,A5040821463,University of Vermont,Peter Sheridan Dodds,9,1999,2025,1,1,new_collab,University of Vermont,A5072027141,Puneet Manchanda,11.0,1997.0,2.0,same_age,1009-01-01
2008,2008-01-01,A5040821463,University of Vermont,Peter Sheridan Dodds,9,1999,2025,1,1,new_collab,University of Vermont,A5004863713,Harikesh S. Nair,8.0,2000.0,-1.0,same_age,1009-01-01
2008,2008-07-08,A5040821463,University of Vermont,Peter Sheridan Dodds,9,1999,2025,1,1,new_collab,University of Vermont,A5066370550,Matthew S. Bothner,7.0,2001.0,-2.0,same_age,1009-07-08
2008,2008-01-01,A5040821463,University of Vermont,Peter Sheridan Dodds,9,1999,2025,1,1,new_collab,University of Vermont,A5059050651,David Godes,19.0,1989.0,10.0,older,1009-01-01
2008,2008-01-01,A5040821463,University of Vermont,Peter Sheridan Dodds,9,1999,2025,1,1,new_collab,University of Vermont,A5035743198,Kartik Hosanagar,6.0,2002.0,-3.0,same_age,1009-01-01
2008,2008-07-08,A5040821463,University of Vermont,Peter Sheridan Dodds,9,1999,2025,1,1,new_collab,University of Vermont,A5021426140,Catherine M. Tucker,12.0,1996.0,3.0,same_age,1009-07-08
2008,2008-07-08,A5040821463,University of Vermont,Peter Sheridan Dodds,9,1999,2025,1,1,new_collab,University of Vermont,A5011729491,Self-organized Criticality,8.0,2000.0,-1.0,same_age,1009-07-08
2009,2009-06-02,A5040821463,University of Vermont,Peter Sheridan Dodds,10,1999,2025,2,2,new_collab,University of Vermont,A5074476792,Joshua L. Payne,4.0,2005.0,-6.0,same_age,1010-06-02
2009,2009-08-05,A5040821463,University of Vermont,Peter Sheridan Dodds,10,1999,2025,1,1,new_collab,University of Vermont,A5041730016,Margaret J. Eppstein,39.0,1970.0,29.0,much_older,1010-08-05
2009,2009-01-30,A5040821463,University of Vermont,Peter Sheridan Dodds,10,1999,2025,1,1,new_collab,University of Vermont,A5002034958,Christopher M. Danforth,3.0,2006.0,-7.0,same_age,1010-01-30
2011,2011-01-27,A5040821463,University of Vermont,Peter Sheridan Dodds,12,1999,2025,6,6,new_collab,University of Vermont,A5060223489,Kameron Decker Harris,2.0,2009.0,-10.0,younger,1012-01-27
2011,2011-01-03,A5040821463,University of Vermont,Peter Sheridan Dodds,12,1999,2025,1,1,new_collab,University of Vermont,A5112615531,Isabel M. Kloumann,1.0,2010.0,-11.0,younger,1012-01-03
2011,2011-12-17,A5040821463,University of Vermont,Peter Sheridan Dodds,12,1999,2025,1,1,new_collab,University of Vermont,A5060228016,Catherine A. Bliss,4.0,2007.0,-8.0,younger,1012-12-17
2011,2011-05-12,A5040821463,University of Vermont,Peter Sheridan Dodds,12,1999,2025,1,2,existing_collab,University of Vermont,A5002034958,Christopher M. Danforth,5.0,2006.0,-7.0,same_age,1012-05-12
2011,2011-12-17,A5040821463,University of Vermont,Peter Sheridan Dodds,12,1999,2025,5,7,existing_collab,University of Vermont,A5074476792,Joshua L. Payne,6.0,2005.0,-6.0,same_age,1012-12-17
2012,2012-05-04,A5040821463,University of Vermont,Peter Sheridan Dodds,13,1999,2025,2,3,existing_collab,University of Vermont,A5060228016,Catherine A. Bliss,5.0,2007.0,-8.0,younger,1013-05-04
2012,2012-05-04,A5040821463,University of Vermont,Peter Sheridan Dodds,13,1999,2025,2,3,existing_collab,University of Vermont,A5112615531,Isabel M. Kloumann,2.0,2010.0,-11.0,younger,1013-05-04
2012,2012-01-10,A5040821463,University of Vermont,Peter Sheridan Dodds,13,1999,2025,2,8,existing_collab,University of Vermont,A5060223489,Kameron Decker Harris,3.0,2009.0,-10.0,younger,1013-01-10
2012,2012-01-10,A5040821463,University of Vermont,Peter Sheridan Dodds,13,1999,2025,2,4,existing_collab,University of Vermont,A5002034958,Christopher M. Danforth,6.0,2006.0,-7.0,same_age,1013-01-10
2013,2013-01-25,A5040821463,University of Vermont,Peter Sheridan Dodds,14,1999,2025,1,1,new_collab,University of Vermont,A5062403203,James P. Bagrow,9.0,2004.0,-5.0,same_age,1014-01-25
2013,2013-01-18,A5040821463,University of Vermont,Peter Sheridan Dodds,14,1999,2025,1,1,new_collab,University of Vermont,A5059471763,Suma Desu,0.0,2013.0,-14.0,younger,1014-01-18
2013,2013-12-28,A5040821463,University of Vermont,Peter Sheridan Dodds,14,1999,2025,3,3,new_collab,University of Vermont,A5012787401,Morgan R. Frank,0.0,2013.0,-14.0,younger,1014-12-28
2013,2013-01-25,A5040821463,University of Vermont,Peter Sheridan Dodds,14,1999,2025,1,1,new_collab,University of Vermont,A5057205814,Narine Manukyan,2.0,2011.0,-12.0,younger,1014-01-25
2013,2013-01-12,A5040821463,University of Vermont,Peter Sheridan Dodds,14,1999,2025,3,3,new_collab,University of Vermont,A5113881318,Lewis Mitchell,31.0,1982.0,17.0,much_older,1014-01-12
2013,2013-01-06,A5040821463,University of Vermont,Peter Sheridan Dodds,14,1999,2025,1,1,new_collab,University of Vermont,A5078987306,Andrew J. Reagan,1.0,2012.0,-13.0,younger,1014-01-06
2013,2013-01-12,A5040821463,University of Vermont,Peter Sheridan Dodds,14,1999,2025,1,1,new_collab,University of Vermont,A5048331010,Eric Bloedorn,22.0,1991.0,8.0,older,1014-01-12
2013,2013-08-28,A5040821463,University of Vermont,Peter Sheridan Dodds,14,1999,2025,1,1,new_collab,University of Vermont,A5022060193,Lashon B. Booker,31.0,1982.0,17.0,much_older,1014-08-28
2013,2013-01-19,A5040821463,University of Vermont,Peter Sheridan Dodds,14,1999,2025,1,1,new_collab,University of Vermont,A5085914374,L. Karl Branting,26.0,1987.0,12.0,older,1014-01-19
2013,2013-01-18,A5040821463,University of Vermont,Peter Sheridan Dodds,14,1999,2025,1,1,new_collab,University of Vermont,A5101453839,Michael J. Smith,54.0,1959.0,40.0,much_older,1014-01-18
2013,2013-01-20,A5040821463,University of Vermont,Peter Sheridan Dodds,14,1999,2025,1,1,new_collab,University of Vermont,A5050883332,Brian F. Tivnan,15.0,1998.0,1.0,same_age,1014-01-20
2013,2013-01-06,A5040821463,University of Vermont,Peter Sheridan Dodds,14,1999,2025,5,9,existing_collab,University of Vermont,A5002034958,Christopher M. Danforth,7.0,2006.0,-7.0,same_age,1014-01-06
2013,2013-04-13,A5040821463,University of Vermont,Peter Sheridan Dodds,14,1999,2025,1,1,new_collab,University of Vermont,A5113316116,Joshua Bongard,6.0,2007.0,-8.0,younger,1014-04-13
2013,2013-12-28,A5040821463,University of Vermont,Peter Sheridan Dodds,14,1999,2025,3,11,existing_collab,University of Vermont,A5060223489,Kameron Decker Harris,4.0,2009.0,-10.0,younger,1014-12-28
2014,2014-07-21,A5040821463,University of Vermont,Peter Sheridan Dodds,15,1999,2025,2,2,new_collab,University of Vermont,A5053832932,Eric M. Clark,56.0,1958.0,41.0,much_older,1015-07-21
2014,2014-02-22,A5040821463,University of Vermont,Peter Sheridan Dodds,15,1999,2025,1,1,new_collab,University of Vermont,A5025928838,Chris Jones,49.0,1965.0,34.0,much_older,1015-02-22
2014,2014-10-21,A5040821463,University of Vermont,Peter Sheridan Dodds,15,1999,2025,1,1,new_collab,University of Vermont,A5036174847,Diann E. Gaalema,9.0,2005.0,-6.0,same_age,1015-10-21
2014,2014-06-30,A5040821463,University of Vermont,Peter Sheridan Dodds,15,1999,2025,1,1,new_collab,University of Vermont,A5091829898,T. J. White,44.0,1970.0,29.0,much_older,1015-06-30
2014,2014-02-22,A5040821463,University of Vermont,Peter Sheridan Dodds,15,1999,2025,1,1,new_collab,University of Vermont,A5084783510,Ryan Redner,4.0,2010.0,-11.0,younger,1015-02-22
2014,2014-07-21,A5040821463,University of Vermont,Peter Sheridan Dodds,15,1999,2025,1,1,new_collab,University of Vermont,A5022414447,R.W. Everett,50.0,1964.0,35.0,much_older,1015-07-21
2014,2014-10-21,A5040821463,University of Vermont,Peter Sheridan Dodds,15,1999,2025,1,1,new_collab,University of Vermont,A5000752691,Marion E. Couch,31.0,1983.0,16.0,much_older,1015-10-21
2014,2014-01-12,A5040821463,University of Vermont,Peter Sheridan Dodds,15,1999,2025,6,15,existing_collab,University of Vermont,A5002034958,Christopher M. Danforth,8.0,2006.0,-7.0,same_age,1015-01-12
2014,2014-01-12,A5040821463,University of Vermont,Peter Sheridan Dodds,15,1999,2025,2,5,existing_collab,University of Vermont,A5060228016,Catherine A. Bliss,7.0,2007.0,-8.0,younger,1015-01-12
2014,2014-02-22,A5040821463,University of Vermont,Peter Sheridan Dodds,15,1999,2025,3,6,existing_collab,University of Vermont,A5012787401,Morgan R. Frank,1.0,2013.0,-14.0,younger,1015-02-22
2014,2014-07-21,A5040821463,University of Vermont,Peter Sheridan Dodds,15,1999,2025,2,5,existing_collab,University of Vermont,A5113881318,Lewis Mitchell,32.0,1982.0,17.0,much_older,1015-07-21
2014,2014-10-21,A5040821463,University of Vermont,Peter Sheridan Dodds,15,1999,2025,1,1,new_collab,University of Vermont,A5085877098,William L. Gottesman,1.0,2013.0,-14.0,younger,1015-10-21
2014,2014-10-18,A5040821463,University of Vermont,Peter Sheridan Dodds,15,1999,2025,1,2,existing_collab,University of Vermont,A5078987306,Andrew J. Reagan,2.0,2012.0,-13.0,younger,1015-10-18
2014,2014-10-21,A5040821463,University of Vermont,Peter Sheridan Dodds,15,1999,2025,2,2,new_collab,University of Vermont,A5101587041,Jake Ryland Williams,3.0,2011.0,-12.0,younger,1015-10-21
2014,2014-07-21,A5040821463,University of Vermont,Peter Sheridan Dodds,15,1999,2025,1,1,new_collab,University of Vermont,A5020396160,Paul R. Lessard,3.0,2011.0,-12.0,younger,1015-07-21
2014,2014-02-22,A5040821463,University of Vermont,Peter Sheridan Dodds,15,1999,2025,1,2,existing_collab,University of Vermont,A5059471763,Suma Desu,1.0,2013.0,-14.0,younger,1015-02-22
2014,2014-01-12,A5040821463,University of Vermont,Peter Sheridan Dodds,15,1999,2025,2,3,existing_collab,University of Vermont,A5062403203,James P. Bagrow,10.0,2004.0,-5.0,same_age,1015-01-12
2015,2015-08-23,A5040821463,University of Vermont,Peter Sheridan Dodds,16,1999,2025,4,6,existing_collab,University of Vermont,A5053832932,Eric M. Clark,57.0,1958.0,41.0,much_older,1016-08-23
2015,2015-03-05,A5040821463,University of Vermont,Peter Sheridan Dodds,16,1999,2025,6,8,existing_collab,University of Vermont,A5101587041,Jake Ryland Williams,4.0,2011.0,-12.0,younger,1016-03-05
2015,2015-10-14,A5040821463,University of Vermont,Peter Sheridan Dodds,16,1999,2025,1,2,existing_collab,University of Vermont,A5025928838,Chris Jones,50.0,1965.0,34.0,much_older,1016-10-14
2015,2015-01-16,A5040821463,University of Vermont,Peter Sheridan Dodds,16,1999,2025,1,1,new_collab,University of Vermont,A5090115501,Richard A. Galbraith,63.0,1952.0,47.0,much_older,1016-01-16
2015,2015-09-19,A5040821463,University of Vermont,Peter Sheridan Dodds,16,1999,2025,12,27,existing_collab,University of Vermont,A5002034958,Christopher M. Danforth,9.0,2006.0,-7.0,same_age,1016-09-19
2015,2015-03-05,A5040821463,University of Vermont,Peter Sheridan Dodds,16,1999,2025,2,2,new_collab,University of Vermont,A5082696905,Eitan Adam Pechenick,0.0,2015.0,-16.0,much_younger,1016-03-05
2015,2015-05-09,A5040821463,University of Vermont,Peter Sheridan Dodds,16,1999,2025,2,2,new_collab,University of Vermont,A5045451254,Javier García-Bernardo,5.0,2010.0,-11.0,younger,1016-05-09
2015,2015-01-16,A5040821463,University of Vermont,Peter Sheridan Dodds,16,1999,2025,2,2,new_collab,University of Vermont,A5031168379,Neil F. Johnson,44.0,1971.0,28.0,much_older,1016-01-16
2015,2015-10-29,A5040821463,University of Vermont,Peter Sheridan Dodds,16,1999,2025,4,7,existing_collab,University of Vermont,A5062403203,James P. Bagrow,11.0,2004.0,-5.0,same_age,1016-10-28
2015,2015-02-16,A5040821463,University of Vermont,Peter Sheridan Dodds,16,1999,2025,2,2,new_collab,University of Vermont,A5036317033,Nicholas Allgaier,3.0,2012.0,-13.0,younger,1016-02-16
2015,2015-01-05,A5040821463,University of Vermont,Peter Sheridan Dodds,16,1999,2025,2,2,new_collab,,A5016008616,Tobias Banaschewski,45.0,1970.0,29.0,much_older,1016-01-05
2015,2015-01-05,A5040821463,University of Vermont,Peter Sheridan Dodds,16,1999,2025,2,2,new_collab,,A5079179983,Gareth J. Barker,,,,,1016-01-05
2015,2015-10-14,A5040821463,University of Vermont,Peter Sheridan Dodds,16,1999,2025,2,2,new_collab,,A5031114437,Arun L.W. Bokde,21.0,1994.0,5.0,same_age,1016-10-14
2015,2015-08-23,A5040821463,University of Vermont,Peter Sheridan Dodds,16,1999,2025,2,2,new_collab,University of Vermont,A5066791342,Josh Bongard,16.0,1999.0,0.0,same_age,1016-08-23
2015,2015-03-05,A5040821463,University of Vermont,Peter Sheridan Dodds,16,1999,2025,2,2,new_collab,,A5079797597,Uli Bromberg,4.0,2011.0,-12.0,younger,1016-03-05
2015,2015-01-07,A5040821463,University of Vermont,Peter Sheridan Dodds,16,1999,2025,2,2,new_collab,,A5033792391,Christian Büchel,45.0,1970.0,29.0,much_older,1016-01-07
2015,2015-02-16,A5040821463,University of Vermont,Peter Sheridan Dodds,16,1999,2025,2,2,new_collab,,A5089357930,Anna Cattrell,8.0,2007.0,-8.0,younger,1016-02-16
2015,2015-01-05,A5040821463,University of Vermont,Peter Sheridan Dodds,16,1999,2025,2,2,new_collab,,A5054548219,Patricia Conrod,22.0,1993.0,6.0,same_age,1016-01-05
2015,2015-02-16,A5040821463,University of Vermont,Peter Sheridan Dodds,16,1999,2025,2,2,new_collab,,A5000742405,Sylvane Desrivières,22.0,1993.0,6.0,same_age,1016-02-16
2015,2015-09-19,A5040821463,University of Vermont,Peter Sheridan Dodds,16,1999,2025,2,2,new_collab,,A5044329719,Herta Flor,43.0,1972.0,27.0,much_older,1016-09-19
2015,2015-01-03,A5040821463,University of Vermont,Peter Sheridan Dodds,16,1999,2025,2,2,new_collab,,A5078842273,Vincent Frouin,23.0,1992.0,7.0,older,1016-01-03
2015,2015-10-14,A5040821463,University of Vermont,Peter Sheridan Dodds,16,1999,2025,2,2,new_collab,,A5018388957,Jürgen Gallinat,19.0,1996.0,3.0,same_age,1016-10-14
2015,2015-02-16,A5040821463,University of Vermont,Peter Sheridan Dodds,16,1999,2025,2,2,new_collab,,A5085160808,Penny Gowland,26.0,1989.0,10.0,older,1016-02-16
2015,2015-10-29,A5040821463,University of Vermont,Peter Sheridan Dodds,16,1999,2025,2,2,new_collab,,A5000701045,Andreas Heinz,60.0,1955.0,44.0,much_older,1016-10-28
2015,2015-11-03,A5040821463,University of Vermont,Peter Sheridan Dodds,16,1999,2025,2,2,new_collab,,A5031881090,Bernd Ittermann,29.0,1986.0,13.0,older,1016-11-03
2015,2015-08-23,A5040821463,University of Vermont,Peter Sheridan Dodds,16,1999,2025,2,2,new_collab,University of Vermont,A5068370605,Scott Mackey,11.0,2004.0,-5.0,same_age,1016-08-23
2015,2015-10-26,A5040821463,University of Vermont,Peter Sheridan Dodds,16,1999,2025,2,2,new_collab,,A5028382889,Jean‐Luc Martinot,25.0,1990.0,9.0,older,1016-10-26
2015,2015-01-16,A5040821463,University of Vermont,Peter Sheridan Dodds,16,1999,2025,1,1,new_collab,University of Vermont,A5016188638,Kevin D. Murphy,48.0,1967.0,32.0,much_older,1016-01-16
2015,2015-03-05,A5040821463,University of Vermont,Peter Sheridan Dodds,16,1999,2025,2,2,new_collab,,A5075640613,Frauke Nees,7.0,2008.0,-9.0,younger,1016-03-05
2015,2015-08-25,A5040821463,University of Vermont,Peter Sheridan Dodds,16,1999,2025,2,2,new_collab,University of Vermont,A5063754646,Dimitri Papadopoulos Orfanos,18.0,1997.0,2.0,same_age,1016-08-25
2015,2015-01-07,A5040821463,University of Vermont,Peter Sheridan Dodds,16,1999,2025,2,2,new_collab,,A5059687987,Luise Poustka,13.0,2002.0,-3.0,same_age,1016-01-07
2015,2015-10-26,A5040821463,University of Vermont,Peter Sheridan Dodds,16,1999,2025,2,2,new_collab,,A5063406820,Michael N. Smolka,18.0,1997.0,2.0,same_age,1016-10-26
2015,2015-09-19,A5040821463,University of Vermont,Peter Sheridan Dodds,16,1999,2025,2,2,new_collab,University of Vermont,A5054161290,Henrik Walter,,,,,1016-09-19
2015,2015-08-25,A5040821463,University of Vermont,Peter Sheridan Dodds,16,1999,2025,2,2,new_collab,University of Vermont,A5050499058,Robert Whelan,32.0,1983.0,16.0,much_older,1016-08-25
2015,2015-01-07,A5040821463,University of Vermont,Peter Sheridan Dodds,16,1999,2025,2,2,new_collab,,A5090364896,Günter Schumann,58.0,1957.0,42.0,much_older,1016-01-07
2015,2015-08-23,A5040821463,University of Vermont,Peter Sheridan Dodds,16,1999,2025,2,2,new_collab,,A5001775538,Hugh Garavan,23.0,1992.0,7.0,older,1016-08-23
2015,2015-05-09,A5040821463,University of Vermont,Peter Sheridan Dodds,16,1999,2025,1,2,existing_collab,University of Vermont,A5020396160,Paul R. Lessard,4.0,2011.0,-12.0,younger,1016-05-09
2015,2015-08-25,A5040821463,University of Vermont,Peter Sheridan Dodds,16,1999,2025,2,4,existing_collab,University of Vermont,A5059471763,Suma Desu,2.0,2013.0,-14.0,younger,1016-08-25
2015,2015-01-16,A5040821463,University of Vermont,Peter Sheridan Dodds,16,1999,2025,1,1,new_collab,University of Vermont,A5010862346,Emily M. Cody,0.0,2015.0,-16.0,much_younger,1016-01-16
2015,2015-10-14,A5040821463,University of Vermont,Peter Sheridan Dodds,16,1999,2025,4,6,existing_collab,University of Vermont,A5078987306,Andrew J. Reagan,3.0,2012.0,-13.0,younger,1016-10-14
2015,2015-10-14,A5040821463,University of Vermont,Peter Sheridan Dodds,16,1999,2025,3,8,existing_collab,University of Vermont,A5113881318,Lewis Mitchell,33.0,1982.0,17.0,much_older,1016-10-14
2015,2015-05-09,A5040821463,University of Vermont,Peter Sheridan Dodds,16,1999,2025,1,7,existing_collab,University of Vermont,A5012787401,Morgan R. Frank,2.0,2013.0,-14.0,younger,1016-05-09
2015,2015-10-14,A5040821463,University of Vermont,Peter Sheridan Dodds,16,1999,2025,1,12,existing_collab,University of Vermont,A5060223489,Kameron Decker Harris,6.0,2009.0,-10.0,younger,1016-10-14
2015,2015-01-03,A5040821463,University of Vermont,Peter Sheridan Dodds,16,1999,2025,1,4,existing_collab,University of Vermont,A5112615531,Isabel M. Kloumann,5.0,2010.0,-11.0,younger,1016-01-03
2015,2015-01-07,A5040821463,University of Vermont,Peter Sheridan Dodds,16,1999,2025,1,1,new_collab,University of Vermont,A5074081869,Karine Megerdoomian,16.0,1999.0,0.0,same_age,1016-01-07
2015,2015-02-16,A5040821463,University of Vermont,Peter Sheridan Dodds,16,1999,2025,1,1,new_collab,University of Vermont,A5028539192,Matthew T. McMahon,17.0,1998.0,1.0,same_age,1016-02-16
2015,2015-05-09,A5040821463,University of Vermont,Peter Sheridan Dodds,16,1999,2025,2,3,existing_collab,University of Vermont,A5050883332,Brian F. Tivnan,17.0,1998.0,1.0,same_age,1016-05-09
2015,2015-10-29,A5040821463,University of Vermont,Peter Sheridan Dodds,16,1999,2025,1,1,new_collab,University of Vermont,A5002713363,Kevin Murphy,53.0,1962.0,37.0,much_older,1016-10-28
2015,2015-01-16,A5040821463,University of Vermont,Peter Sheridan Dodds,16,1999,2025,1,1,new_collab,University of Vermont,A5067729121,IMAGEN Consortium,-2.0,2017.0,-18.0,much_younger,1016-01-16
2015,2015-05-09,A5040821463,University of Vermont,Peter Sheridan Dodds,16,1999,2025,1,1,new_collab,University of Vermont,A5072341866,Hong Qi,23.0,1992.0,7.0,older,1016-05-09
2015,2015-01-05,A5040821463,University of Vermont,Peter Sheridan Dodds,16,1999,2025,1,1,new_collab,University of Vermont,A5033313280,James M. Shultz,31.0,1984.0,15.0,much_older,1016-01-05
2015,2015-03-05,A5040821463,University of Vermont,Peter Sheridan Dodds,16,1999,2025,1,1,new_collab,University of Vermont,A5005791313,Alyssa Cohen,20.0,1995.0,4.0,same_age,1016-03-05
2016,2016-05-21,A5040821463,University of Vermont,Peter Sheridan Dodds,17,1999,2025,1,1,new_collab,University of Vermont,A5030917007,Mark Ibrahim,0.0,2016.0,-17.0,much_younger,1017-05-21
2016,2016-01-29,A5040821463,University of Vermont,Peter Sheridan Dodds,17,1999,2025,11,38,existing_collab,University of Vermont,A5002034958,Christopher M. Danforth,10.0,2006.0,-7.0,same_age,1017-01-28
2016,2016-01-22,A5040821463,University of Vermont,Peter Sheridan Dodds,17,1999,2025,7,13,existing_collab,University of Vermont,A5078987306,Andrew J. Reagan,4.0,2012.0,-13.0,younger,1017-01-22
2016,2016-01-29,A5040821463,University of Vermont,Peter Sheridan Dodds,17,1999,2025,3,11,existing_collab,University of Vermont,A5113881318,Lewis Mitchell,34.0,1982.0,17.0,much_older,1017-01-28
2016,2016-07-25,A5040821463,University of Vermont,Peter Sheridan Dodds,17,1999,2025,2,2,new_collab,University of Vermont,A5050995537,Dilan Kiley,0.0,2016.0,-17.0,much_younger,1017-07-25
2016,2016-12-20,A5040821463,University of Vermont,Peter Sheridan Dodds,17,1999,2025,1,1,new_collab,University of Vermont,A5075017836,Thomas McAndrew,5.0,2011.0,-12.0,younger,1017-12-20
2016,2016-08-05,A5040821463,University of Vermont,Peter Sheridan Dodds,17,1999,2025,1,2,existing_collab,University of Vermont,A5113316116,Joshua Bongard,9.0,2007.0,-8.0,younger,1017-08-05
2016,2016-01-22,A5040821463,University of Vermont,Peter Sheridan Dodds,17,1999,2025,1,1,new_collab,University of Vermont,A5065579564,Paul Hines,11.0,2005.0,-6.0,same_age,1017-01-22
2016,2016-05-21,A5040821463,University of Vermont,Peter Sheridan Dodds,17,1999,2025,4,11,existing_collab,University of Vermont,A5062403203,James P. Bagrow,12.0,2004.0,-5.0,same_age,1017-05-21
2016,2016-05-21,A5040821463,University of Vermont,Peter Sheridan Dodds,17,1999,2025,1,7,existing_collab,University of Vermont,A5053832932,Eric M. Clark,58.0,1958.0,41.0,much_older,1017-05-21
2016,2016-04-17,A5040821463,University of Vermont,Peter Sheridan Dodds,17,1999,2025,1,3,existing_collab,University of Vermont,A5025928838,Chris Jones,51.0,1965.0,34.0,much_older,1017-04-17
2016,2016-11-08,A5040821463,University of Vermont,Peter Sheridan Dodds,17,1999,2025,3,11,existing_collab,University of Vermont,A5101587041,Jake Ryland Williams,5.0,2011.0,-12.0,younger,1017-11-08
2016,2016-01-22,A5040821463,University of Vermont,Peter Sheridan Dodds,17,1999,2025,1,1,new_collab,University of Vermont,A5102722156,Allison N. Kurti,7.0,2009.0,-10.0,younger,1017-01-22
2016,2016-01-05,A5040821463,University of Vermont,Peter Sheridan Dodds,17,1999,2025,1,1,new_collab,University of Vermont,A5052464553,Mitchell C. Norotsky,24.0,1992.0,7.0,older,1017-01-05
2016,2016-04-17,A5040821463,University of Vermont,Peter Sheridan Dodds,17,1999,2025,2,3,existing_collab,University of Vermont,A5010862346,Emily M. Cody,1.0,2015.0,-16.0,much_younger,1017-04-17
2016,2016-05-14,A5040821463,University of Vermont,Peter Sheridan Dodds,17,1999,2025,1,1,new_collab,University of Vermont,A5067925308,Jennie C. Stephens,19.0,1997.0,2.0,same_age,1017-05-14
2016,2016-07-25,A5040821463,University of Vermont,Peter Sheridan Dodds,17,1999,2025,1,1,new_collab,University of Vermont,A5070620133,Yves Dubief,19.0,1997.0,2.0,same_age,1017-07-25
2016,2016-01-22,A5040821463,University of Vermont,Peter Sheridan Dodds,17,1999,2025,2,2,new_collab,University of Vermont,A5030855474,Sharon E. Alajajian,1.0,2015.0,-16.0,much_younger,1017-01-22
2017,2017-01-16,A5040821463,University of Vermont,Peter Sheridan Dodds,18,1999,2025,4,17,existing_collab,University of Vermont,A5078987306,Andrew J. Reagan,5.0,2012.0,-13.0,younger,1018-01-16
2017,2017-01-16,A5040821463,University of Vermont,Peter Sheridan Dodds,18,1999,2025,5,43,existing_collab,University of Vermont,A5002034958,Christopher M. Danforth,11.0,2006.0,-7.0,same_age,1018-01-16
2017,2017-10-11,A5040821463,University of Vermont,Peter Sheridan Dodds,18,1999,2025,1,4,existing_collab,University of Vermont,A5050883332,Brian F. Tivnan,19.0,1998.0,1.0,same_age,1018-10-11
2017,2017-05-09,A5040821463,University of Vermont,Peter Sheridan Dodds,18,1999,2025,3,14,existing_collab,University of Vermont,A5101587041,Jake Ryland Williams,6.0,2011.0,-12.0,younger,1018-05-09
2017,2017-10-11,A5040821463,University of Vermont,Peter Sheridan Dodds,18,1999,2025,1,1,new_collab,University of Vermont,A5071151240,Andrew Reece,9.0,2008.0,-9.0,younger,1018-10-11
2017,2017-05-06,A5040821463,University of Vermont,Peter Sheridan Dodds,18,1999,2025,1,1,new_collab,University of Vermont,A5003630074,Katharina Lix,1.0,2016.0,-17.0,much_younger,1018-05-06
2017,2017-01-16,A5040821463,University of Vermont,Peter Sheridan Dodds,18,1999,2025,1,1,new_collab,University of Vermont,A5052478281,Ellen J. Langer,46.0,1971.0,28.0,much_older,1018-01-16
2017,2017-05-06,A5040821463,University of Vermont,Peter Sheridan Dodds,18,1999,2025,1,1,new_collab,University of Vermont,A5047121345,David Rushing Dewhurst,0.0,2017.0,-18.0,much_younger,1018-05-06
2017,2017-10-09,A5040821463,University of Vermont,Peter Sheridan Dodds,18,1999,2025,1,1,new_collab,University of Vermont,A5041348179,Fletcher F. Hazlehurst,0.0,2017.0,-18.0,much_younger,1018-10-09
2017,2017-05-06,A5040821463,University of Vermont,Peter Sheridan Dodds,18,1999,2025,1,1,new_collab,University of Vermont,A5052932345,Colin M. Van Oort,0.0,2017.0,-18.0,much_younger,1018-05-06
2017,2017-05-06,A5040821463,University of Vermont,Peter Sheridan Dodds,18,1999,2025,2,13,existing_collab,University of Vermont,A5113881318,Lewis Mitchell,35.0,1982.0,17.0,much_older,1018-05-06
2017,2017-02-22,A5040821463,University of Vermont,Peter Sheridan Dodds,18,1999,2025,1,3,existing_collab,University of Vermont,A5082696905,Eitan Adam Pechenick,2.0,2015.0,-16.0,much_younger,1018-02-22
2017,2017-08-25,A5040821463,University of Vermont,Peter Sheridan Dodds,18,1999,2025,1,3,existing_collab,University of Vermont,A5030855474,Sharon E. Alajajian,2.0,2015.0,-16.0,much_younger,1018-08-25
2017,2017-01-16,A5040821463,University of Vermont,Peter Sheridan Dodds,18,1999,2025,1,1,new_collab,University of Vermont,A5020061373,Stephen Alajajian,2.0,2015.0,-16.0,much_younger,1018-01-16
2017,2017-01-19,A5040821463,University of Vermont,Peter Sheridan Dodds,18,1999,2025,1,8,existing_collab,University of Vermont,A5012787401,Morgan R. Frank,4.0,2013.0,-14.0,younger,1018-01-19
2017,2017-08-25,A5040821463,University of Vermont,Peter Sheridan Dodds,18,1999,2025,1,1,new_collab,University of Vermont,A5017407756,Jacob Lahne,7.0,2010.0,-11.0,younger,1018-08-25
2017,2017-01-16,A5040821463,University of Vermont,Peter Sheridan Dodds,18,1999,2025,1,1,new_collab,University of Vermont,A5109170216,A Thesis,34.0,1983.0,16.0,much_older,1018-01-16
2018,2018-12-24,A5040821463,University of Vermont,Peter Sheridan Dodds,19,1999,2025,1,1,new_collab,University of Vermont,A5032839489,Tyler J. Gray,0.0,2018.0,-19.0,much_younger,1019-12-24
2018,2018-07-17,A5040821463,University of Vermont,Peter Sheridan Dodds,19,1999,2025,3,20,existing_collab,University of Vermont,A5078987306,Andrew J. Reagan,6.0,2012.0,-13.0,younger,1019-07-17
2018,2018-12-24,A5040821463,University of Vermont,Peter Sheridan Dodds,19,1999,2025,6,49,existing_collab,University of Vermont,A5002034958,Christopher M. Danforth,12.0,2006.0,-7.0,same_age,1019-12-24
2018,2018-06-14,A5040821463,University of Vermont,Peter Sheridan Dodds,19,1999,2025,1,1,new_collab,University of Vermont,A5047404909,Aaron J. Schwartz,12.0,2006.0,-7.0,same_age,1019-06-14
2018,2018-07-17,A5040821463,University of Vermont,Peter Sheridan Dodds,19,1999,2025,1,1,new_collab,University of Vermont,A5017106847,Jarlath O’Neil‐Dunne,12.0,2006.0,-7.0,same_age,1019-07-17
2018,2018-06-14,A5040821463,University of Vermont,Peter Sheridan Dodds,19,1999,2025,1,1,new_collab,University of Vermont,A5009887999,Taylor H. Ricketts,29.0,1989.0,10.0,older,1019-06-14
2018,2018-06-14,A5040821463,University of Vermont,Peter Sheridan Dodds,19,1999,2025,1,1,new_collab,University of Vermont,A5047780964,Meredith T. Niles,10.0,2008.0,-9.0,younger,1019-06-14
2018,2018-01-14,A5040821463,University of Vermont,Peter Sheridan Dodds,19,1999,2025,1,1,new_collab,University of Vermont,A5015837313,Benjamin Freixas Emery,0.0,2018.0,-19.0,much_younger,1019-01-14
2018,2018-01-15,A5040821463,University of Vermont,Peter Sheridan Dodds,19,1999,2025,1,2,existing_collab,University of Vermont,A5047121345,David Rushing Dewhurst,1.0,2017.0,-18.0,much_younger,1019-01-15
2018,2018-01-26,A5040821463,University of Vermont,Peter Sheridan Dodds,19,1999,2025,1,1,new_collab,University of Vermont,A5084930117,Ryan J. Gallagher,21.0,1997.0,2.0,same_age,1019-01-26
2018,2018-12-24,A5040821463,University of Vermont,Peter Sheridan Dodds,19,1999,2025,1,8,existing_collab,University of Vermont,A5053832932,Eric M. Clark,60.0,1958.0,41.0,much_older,1019-12-24
2018,2018-01-14,A5040821463,University of Vermont,Peter Sheridan Dodds,19,1999,2025,1,1,new_collab,University of Vermont,A5086144303,Ted A. James,,,,,1019-01-14
2018,2018-01-14,A5040821463,University of Vermont,Peter Sheridan Dodds,19,1999,2025,1,4,existing_collab,University of Vermont,A5025928838,Chris Jones,53.0,1965.0,34.0,much_older,1019-01-14
2018,2018-06-14,A5040821463,University of Vermont,Peter Sheridan Dodds,19,1999,2025,1,1,new_collab,University of Vermont,A5015190058,Amulya Alapati,0.0,2018.0,-19.0,much_younger,1019-06-14
2018,2018-12-24,A5040821463,University of Vermont,Peter Sheridan Dodds,19,1999,2025,1,1,new_collab,University of Vermont,A5073525862,Promise O. Ukandu,1.0,2017.0,-18.0,much_younger,1019-12-24
2019,2019-08-29,A5040821463,University of Vermont,Peter Sheridan Dodds,20,1999,2025,1,1,new_collab,University of Vermont,A5019567426,Sebastià V. Amengual Garí,3.0,2016.0,-17.0,much_younger,1020-08-28
2019,2019-02-21,A5040821463,University of Vermont,Peter Sheridan Dodds,20,1999,2025,1,1,new_collab,University of Vermont,A5037224346,W. Owen Brimijoin,17.0,2002.0,-3.0,same_age,1020-02-21
2019,2019-01-13,A5040821463,University of Vermont,Peter Sheridan Dodds,20,1999,2025,1,1,new_collab,University of Vermont,A5028520758,Philip W. Robinson,53.0,1966.0,33.0,much_older,1020-01-13
2019,2019-09-20,A5040821463,University of Vermont,Peter Sheridan Dodds,20,1999,2025,1,1,new_collab,University of Vermont,A5059048502,Joshua R. Minot,0.0,2019.0,-20.0,much_younger,1020-09-20
2019,2019-11-08,A5040821463,University of Vermont,Peter Sheridan Dodds,20,1999,2025,1,1,new_collab,University of Vermont,A5109561489,Michael Arnold,58.0,1961.0,38.0,much_older,1020-11-08
2019,2019-11-08,A5040821463,University of Vermont,Peter Sheridan Dodds,20,1999,2025,1,1,new_collab,University of Vermont,A5015816708,Thayer Alshaabi,0.0,2019.0,-20.0,much_younger,1020-11-08
2019,2019-09-20,A5040821463,University of Vermont,Peter Sheridan Dodds,20,1999,2025,1,1,new_collab,University of Vermont,A5067816571,Jane L. Adams,44.0,1975.0,24.0,much_older,1020-09-20
2019,2019-09-20,A5040821463,University of Vermont,Peter Sheridan Dodds,20,1999,2025,1,3,existing_collab,University of Vermont,A5047121345,David Rushing Dewhurst,2.0,2017.0,-18.0,much_younger,1020-09-20
2019,2019-08-29,A5040821463,University of Vermont,Peter Sheridan Dodds,20,1999,2025,2,22,existing_collab,University of Vermont,A5078987306,Andrew J. Reagan,7.0,2012.0,-13.0,younger,1020-08-28
2019,2019-11-08,A5040821463,University of Vermont,Peter Sheridan Dodds,20,1999,2025,4,53,existing_collab,University of Vermont,A5002034958,Christopher M. Danforth,13.0,2006.0,-7.0,same_age,1020-11-08
2019,2019-01-13,A5040821463,University of Vermont,Peter Sheridan Dodds,20,1999,2025,1,2,existing_collab,University of Vermont,A5047404909,Aaron J. Schwartz,13.0,2006.0,-7.0,same_age,1020-01-13
2019,2019-09-20,A5040821463,University of Vermont,Peter Sheridan Dodds,20,1999,2025,1,2,existing_collab,University of Vermont,A5017106847,Jarlath O’Neil‐Dunne,13.0,2006.0,-7.0,same_age,1020-09-20
2019,2019-08-29,A5040821463,University of Vermont,Peter Sheridan Dodds,20,1999,2025,1,2,existing_collab,University of Vermont,A5009887999,Taylor H. Ricketts,30.0,1989.0,10.0,older,1020-08-28
2019,2019-11-08,A5040821463,University of Vermont,Peter Sheridan Dodds,20,1999,2025,1,2,existing_collab,University of Vermont,A5047780964,Meredith T. Niles,11.0,2008.0,-9.0,younger,1020-11-08
2019,2019-11-08,A5040821463,University of Vermont,Peter Sheridan Dodds,20,1999,2025,1,2,existing_collab,University of Vermont,A5015837313,Benjamin Freixas Emery,1.0,2018.0,-19.0,much_younger,1020-11-08
2019,2019-01-13,A5040821463,University of Vermont,Peter Sheridan Dodds,20,1999,2025,1,1,new_collab,University of Vermont,A5049616466,Laura Jennings,10.0,2009.0,-10.0,younger,1020-01-13
2019,2019-09-20,A5040821463,University of Vermont,Peter Sheridan Dodds,20,1999,2025,1,1,new_collab,University of Vermont,A5086123703,Elizabeth C. Pinel,66.0,1953.0,46.0,much_older,1020-09-20
2019,2019-08-29,A5040821463,University of Vermont,Peter Sheridan Dodds,20,1999,2025,1,1,new_collab,University of Vermont,A5090040147,Lizzy Pope,10.0,2009.0,-10.0,younger,1020-08-28
2020,2020-01-19,A5040821463,University of Vermont,Peter Sheridan Dodds,21,1999,2025,1,1,new_collab,University of Vermont,A5073214741,Henry Mitchell,,,,,1021-01-19
2020,2020-01-19,A5040821463,University of Vermont,Peter Sheridan Dodds,21,1999,2025,1,1,new_collab,University of Vermont,A5033950605,J. Matthew Mahoney,35.0,1985.0,14.0,older,1021-01-19
2020,2020-02-09,A5040821463,University of Vermont,Peter Sheridan Dodds,21,1999,2025,10,63,existing_collab,University of Vermont,A5002034958,Christopher M. Danforth,14.0,2006.0,-7.0,same_age,1021-02-09
2020,2020-05-06,A5040821463,University of Vermont,Peter Sheridan Dodds,21,1999,2025,2,4,existing_collab,University of Vermont,A5015837313,Benjamin Freixas Emery,2.0,2018.0,-19.0,much_younger,1021-05-06
2020,2020-01-16,A5040821463,University of Vermont,Peter Sheridan Dodds,21,1999,2025,2,4,existing_collab,University of Vermont,A5047780964,Meredith T. Niles,12.0,2008.0,-9.0,younger,1021-01-16
2020,2020-01-20,A5040821463,University of Vermont,Peter Sheridan Dodds,21,1999,2025,1,2,existing_collab,University of Vermont,A5032839489,Tyler J. Gray,2.0,2018.0,-19.0,much_younger,1021-01-20
2020,2020-01-20,A5040821463,University of Vermont,Peter Sheridan Dodds,21,1999,2025,5,8,existing_collab,University of Vermont,A5047121345,David Rushing Dewhurst,3.0,2017.0,-18.0,much_younger,1021-01-20
2020,2020-01-21,A5040821463,University of Vermont,Peter Sheridan Dodds,21,1999,2025,5,6,existing_collab,University of Vermont,A5015816708,Thayer Alshaabi,1.0,2019.0,-20.0,much_younger,1021-01-21
2020,2020-01-21,A5040821463,University of Vermont,Peter Sheridan Dodds,21,1999,2025,1,3,existing_collab,University of Vermont,A5050995537,Dilan Kiley,4.0,2016.0,-17.0,much_younger,1021-01-21
2020,2020-10-15,A5040821463,University of Vermont,Peter Sheridan Dodds,21,1999,2025,2,2,new_collab,University of Vermont,A5102965438,Matthew Arnold,,,,,1021-10-15
2020,2020-05-06,A5040821463,University of Vermont,Peter Sheridan Dodds,21,1999,2025,4,5,existing_collab,University of Vermont,A5059048502,Joshua R. Minot,1.0,2019.0,-20.0,much_younger,1021-05-06
2020,2020-01-19,A5040821463,University of Vermont,Peter Sheridan Dodds,21,1999,2025,2,3,existing_collab,University of Vermont,A5109561489,Michael Arnold,59.0,1961.0,38.0,much_older,1021-01-19
2020,2020-10-09,A5040821463,University of Vermont,Peter Sheridan Dodds,21,1999,2025,2,3,existing_collab,University of Vermont,A5067816571,Jane L. Adams,45.0,1975.0,24.0,much_older,1021-10-09
2020,2020-02-12,A5040821463,University of Vermont,Peter Sheridan Dodds,21,1999,2025,2,24,existing_collab,University of Vermont,A5078987306,Andrew J. Reagan,8.0,2012.0,-13.0,younger,1021-02-12
2020,2020-01-19,A5040821463,University of Vermont,Peter Sheridan Dodds,21,1999,2025,1,1,new_collab,University of Vermont,A5082132467,Kelsey Linnell,3.0,2017.0,-18.0,much_younger,1021-01-19
2020,2020-01-21,A5040821463,University of Vermont,Peter Sheridan Dodds,21,1999,2025,1,2,existing_collab,University of Vermont,A5075017836,Thomas McAndrew,9.0,2011.0,-12.0,younger,1021-01-21
2020,2020-01-16,A5040821463,University of Vermont,Peter Sheridan Dodds,21,1999,2025,1,1,new_collab,University of Vermont,A5079619171,Jeanie Lim,0.0,2020.0,-21.0,much_younger,1021-01-16
2021,2021-01-19,A5040821463,University of Vermont,Peter Sheridan Dodds,22,1999,2025,11,16,existing_collab,University of Vermont,A5059048502,Joshua R. Minot,2.0,2019.0,-20.0,much_younger,1022-01-19
2021,2021-06-06,A5040821463,University of Vermont,Peter Sheridan Dodds,22,1999,2025,2,4,existing_collab,University of Vermont,A5102965438,Matthew Arnold,,,,,1022-06-06
2021,2021-01-19,A5040821463,University of Vermont,Peter Sheridan Dodds,22,1999,2025,12,18,existing_collab,University of Vermont,A5015816708,Thayer Alshaabi,2.0,2019.0,-20.0,much_younger,1022-01-19
2021,2021-01-19,A5040821463,University of Vermont,Peter Sheridan Dodds,22,1999,2025,11,14,existing_collab,University of Vermont,A5067816571,Jane L. Adams,46.0,1975.0,24.0,much_older,1022-01-19
2021,2021-06-22,A5040821463,University of Vermont,Peter Sheridan Dodds,22,1999,2025,5,29,existing_collab,University of Vermont,A5078987306,Andrew J. Reagan,9.0,2012.0,-13.0,younger,1022-06-22
2021,2021-06-06,A5040821463,University of Vermont,Peter Sheridan Dodds,22,1999,2025,21,84,existing_collab,University of Vermont,A5002034958,Christopher M. Danforth,15.0,2006.0,-7.0,same_age,1022-06-06
2021,2021-03-09,A5040821463,University of Vermont,Peter Sheridan Dodds,22,1999,2025,2,2,new_collab,University of Vermont,A5046167284,Anne Marie Stupinski,2.0,2019.0,-20.0,much_younger,1022-03-09
2021,2021-03-09,A5040821463,University of Vermont,Peter Sheridan Dodds,22,1999,2025,8,11,existing_collab,University of Vermont,A5109561489,Michael Arnold,60.0,1961.0,38.0,much_older,1022-03-09
2021,2021-01-06,A5040821463,University of Vermont,Peter Sheridan Dodds,22,1999,2025,3,3,new_collab,University of Vermont,A5069820090,Matthew Price,46.0,1975.0,24.0,much_older,1022-01-06
2021,2021-01-19,A5040821463,University of Vermont,Peter Sheridan Dodds,22,1999,2025,2,3,existing_collab,University of Vermont,A5082132467,Kelsey Linnell,4.0,2017.0,-18.0,much_younger,1022-01-19
2021,2021-01-06,A5040821463,University of Vermont,Peter Sheridan Dodds,22,1999,2025,1,3,existing_collab,University of Vermont,A5075017836,Thomas McAndrew,10.0,2011.0,-12.0,younger,1022-01-06
2021,2021-04-12,A5040821463,University of Vermont,Peter Sheridan Dodds,22,1999,2025,1,2,existing_collab,University of Vermont,A5079619171,Jeanie Lim,1.0,2020.0,-21.0,much_younger,1022-04-12
2021,2021-01-06,A5040821463,University of Vermont,Peter Sheridan Dodds,22,1999,2025,6,14,existing_collab,University of Vermont,A5047121345,David Rushing Dewhurst,4.0,2017.0,-18.0,much_younger,1022-01-06
2021,2021-01-27,A5040821463,University of Vermont,Peter Sheridan Dodds,22,1999,2025,3,3,new_collab,University of Vermont,A5039331886,Todd F. DeLuca,15.0,2006.0,-7.0,same_age,1022-01-27
2021,2021-06-07,A5040821463,University of Vermont,Peter Sheridan Dodds,22,1999,2025,3,3,new_collab,University of Vermont,A5101604835,Yuhang Zheng,24.0,1997.0,2.0,same_age,1022-06-07
2021,2021-01-19,A5040821463,University of Vermont,Peter Sheridan Dodds,22,1999,2025,3,3,new_collab,University of Vermont,A5001538666,Konstantinos Anastasakis,13.0,2008.0,-9.0,younger,1022-01-19
2021,2021-03-20,A5040821463,University of Vermont,Peter Sheridan Dodds,22,1999,2025,3,3,new_collab,University of Vermont,A5008010244,Boyoon Choi,21.0,2000.0,-1.0,same_age,1022-03-20
2021,2021-01-20,A5040821463,University of Vermont,Peter Sheridan Dodds,22,1999,2025,3,3,new_collab,University of Vermont,A5061204372,Allison Min,0.0,2021.0,-22.0,much_younger,1022-01-20
2021,2021-01-19,A5040821463,University of Vermont,Peter Sheridan Dodds,22,1999,2025,3,3,new_collab,University of Vermont,A5003423956,Michael M. Bessey,0.0,2021.0,-22.0,much_younger,1022-01-19
2021,2021-09-25,A5040821463,University of Vermont,Peter Sheridan Dodds,22,1999,2025,1,5,existing_collab,University of Vermont,A5015837313,Benjamin Freixas Emery,3.0,2018.0,-19.0,much_younger,1022-09-25
2021,2021-01-19,A5040821463,University of Vermont,Peter Sheridan Dodds,22,1999,2025,1,5,existing_collab,University of Vermont,A5047780964,Meredith T. Niles,13.0,2008.0,-9.0,younger,1022-01-19
2021,2021-09-06,A5040821463,University of Vermont,Peter Sheridan Dodds,22,1999,2025,1,1,new_collab,University of Vermont,A5108286740,Nicholas Cheney,9.0,2012.0,-13.0,younger,1022-09-06
2021,2021-03-08,A5040821463,University of Vermont,Peter Sheridan Dodds,22,1999,2025,1,1,new_collab,University of Vermont,A5059729548,Danne C. Elbers,4.0,2017.0,-18.0,much_younger,1022-03-08
2021,2021-01-06,A5040821463,University of Vermont,Peter Sheridan Dodds,22,1999,2025,1,1,new_collab,University of Vermont,A5015402613,Alison C. Legrand,18.0,2003.0,-4.0,same_age,1022-01-06
2021,2021-03-20,A5040821463,University of Vermont,Peter Sheridan Dodds,22,1999,2025,1,1,new_collab,University of Vermont,A5019365416,Zoe M. F. Brier,5.0,2016.0,-17.0,much_younger,1022-03-20
2021,2021-01-01,A5040821463,University of Vermont,Peter Sheridan Dodds,22,1999,2025,1,1,new_collab,University of Vermont,A5057557219,Katherine van Stolk‐Cooke,7.0,2014.0,-15.0,younger,1022-01-01
2021,2021-09-25,A5040821463,University of Vermont,Peter Sheridan Dodds,22,1999,2025,1,1,new_collab,University of Vermont,A5077511376,Kelly Peck,16.0,2005.0,-6.0,same_age,1022-09-25
2021,2021-03-20,A5040821463,University of Vermont,Peter Sheridan Dodds,22,1999,2025,1,1,new_collab,University of Vermont,A5082878426,Zachary W. Adams,14.0,2007.0,-8.0,younger,1022-03-20
2021,2021-12-23,A5040821463,University of Vermont,Peter Sheridan Dodds,22,1999,2025,1,12,existing_collab,University of Vermont,A5062403203,James P. Bagrow,17.0,2004.0,-5.0,same_age,1022-12-23
2021,2021-01-01,A5040821463,University of Vermont,Peter Sheridan Dodds,22,1999,2025,1,2,existing_collab,University of Vermont,A5084930117,Ryan J. Gallagher,24.0,1997.0,2.0,same_age,1022-01-01
2021,2021-01-01,A5040821463,University of Vermont,Peter Sheridan Dodds,22,1999,2025,1,9,existing_collab,University of Vermont,A5012787401,Morgan R. Frank,8.0,2013.0,-14.0,younger,1022-01-01
2021,2021-01-01,A5040821463,University of Vermont,Peter Sheridan Dodds,22,1999,2025,1,14,existing_collab,University of Vermont,A5113881318,Lewis Mitchell,39.0,1982.0,17.0,much_older,1022-01-01
2021,2021-12-23,A5040821463,University of Vermont,Peter Sheridan Dodds,22,1999,2025,1,3,existing_collab,University of Vermont,A5047404909,Aaron J. Schwartz,15.0,2006.0,-7.0,same_age,1022-12-23
2021,2021-01-20,A5040821463,University of Vermont,Peter Sheridan Dodds,22,1999,2025,1,1,new_collab,University of Vermont,A5027414437,Mikaela Irene Fudolig,7.0,2014.0,-15.0,younger,1022-01-20
2021,2021-06-07,A5040821463,University of Vermont,Peter Sheridan Dodds,22,1999,2025,1,1,new_collab,University of Vermont,A5089082846,Julia Witte Zimmerman,0.0,2021.0,-22.0,much_younger,1022-06-07
2021,2021-12-23,A5040821463,University of Vermont,Peter Sheridan Dodds,22,1999,2025,1,1,new_collab,University of Vermont,A5073688320,Juniper Lovato,1.0,2020.0,-21.0,much_younger,1022-12-23
2021,2021-06-07,A5040821463,University of Vermont,Peter Sheridan Dodds,22,1999,2025,1,1,new_collab,University of Vermont,A5050707519,Suzie Beaulieu,10.0,2011.0,-12.0,younger,1022-06-07
2021,2021-03-09,A5040821463,University of Vermont,Peter Sheridan Dodds,22,1999,2025,1,3,existing_collab,University of Vermont,A5001893057,Roby Muhamad,22.0,1999.0,0.0,same_age,1022-03-09
2021,2021-07-31,A5040821463,University of Vermont,Peter Sheridan Dodds,22,1999,2025,1,1,new_collab,University of Vermont,A5100421454,Yi Li,33.0,1988.0,11.0,older,1022-07-31
2021,2021-01-19,A5040821463,University of Vermont,Peter Sheridan Dodds,22,1999,2025,1,1,new_collab,University of Vermont,A5015966523,Asieh Ahani,8.0,2013.0,-14.0,younger,1022-01-19
2021,2021-01-27,A5040821463,University of Vermont,Peter Sheridan Dodds,22,1999,2025,1,1,new_collab,University of Vermont,A5049215328,Haimao Zhan,11.0,2010.0,-11.0,younger,1022-01-27
2021,2021-01-03,A5040821463,University of Vermont,Peter Sheridan Dodds,22,1999,2025,1,1,new_collab,University of Vermont,A5035181510,Kevin P. Foley,38.0,1983.0,16.0,much_older,1022-01-03
2021,2021-06-06,A5040821463,University of Vermont,Peter Sheridan Dodds,22,1999,2025,1,1,new_collab,University of Vermont,A5083900520,Adam Fox,,,,,1022-06-06
2021,2021-01-20,A5040821463,University of Vermont,Peter Sheridan Dodds,22,1999,2025,1,1,new_collab,University of Vermont,A5102849076,Ethan Davis,26.0,1995.0,4.0,same_age,1022-01-20
2021,2021-03-08,A5040821463,University of Vermont,Peter Sheridan Dodds,22,1999,2025,1,1,new_collab,University of Vermont,A5022175819,Wolfgang Mieder,49.0,1972.0,27.0,much_older,1022-03-08
2021,2021-05-23,A5040821463,University of Vermont,Peter Sheridan Dodds,22,1999,2025,1,1,new_collab,University of Vermont,A5016272206,Kelly Gothard,17.0,2004.0,-5.0,same_age,1022-05-23
2021,2021-01-13,A5040821463,University of Vermont,Peter Sheridan Dodds,22,1999,2025,3,3,new_collab,University of Vermont,A5036140974,Matthew Price,15.0,2006.0,-7.0,same_age,1022-01-13
2022,2022-02-09,A5040821463,University of Vermont,Peter Sheridan Dodds,23,1999,2025,1,4,existing_collab,University of Vermont,A5082132467,Kelsey Linnell,5.0,2017.0,-18.0,much_younger,1023-02-09
2022,2022-06-25,A5040821463,University of Vermont,Peter Sheridan Dodds,23,1999,2025,3,4,existing_collab,University of Vermont,A5027414437,Mikaela Irene Fudolig,8.0,2014.0,-15.0,younger,1023-06-25
2022,2022-04-28,A5040821463,University of Vermont,Peter Sheridan Dodds,23,1999,2025,2,5,existing_collab,University of Vermont,A5047404909,Aaron J. Schwartz,16.0,2006.0,-7.0,same_age,1023-04-28
2022,2022-02-09,A5040821463,University of Vermont,Peter Sheridan Dodds,23,1999,2025,2,4,existing_collab,University of Vermont,A5009887999,Taylor H. Ricketts,33.0,1989.0,10.0,older,1023-02-09
2022,2022-09-25,A5040821463,University of Vermont,Peter Sheridan Dodds,23,1999,2025,2,4,existing_collab,University of Vermont,A5017106847,Jarlath O’Neil‐Dunne,16.0,2006.0,-7.0,same_age,1023-09-25
2022,2022-02-09,A5040821463,University of Vermont,Peter Sheridan Dodds,23,1999,2025,8,92,existing_collab,University of Vermont,A5002034958,Christopher M. Danforth,16.0,2006.0,-7.0,same_age,1023-02-09
2022,2022-06-25,A5040821463,University of Vermont,Peter Sheridan Dodds,23,1999,2025,1,3,existing_collab,,A5058815871,Matthew Salganik,18.0,2004.0,-5.0,same_age,1023-06-25
2022,2022-03-01,A5040821463,University of Vermont,Peter Sheridan Dodds,23,1999,2025,1,11,existing_collab,,A5000679279,Duncan J. Watts,24.0,1998.0,1.0,same_age,1023-03-01
2022,2022-02-23,A5040821463,University of Vermont,Peter Sheridan Dodds,23,1999,2025,3,19,existing_collab,University of Vermont,A5059048502,Joshua R. Minot,3.0,2019.0,-20.0,much_younger,1023-02-23
2022,2022-09-25,A5040821463,University of Vermont,Peter Sheridan Dodds,23,1999,2025,1,2,existing_collab,University of Vermont,A5108286740,Nicholas Cheney,10.0,2012.0,-13.0,younger,1023-09-25
2022,2022-03-12,A5040821463,University of Vermont,Peter Sheridan Dodds,23,1999,2025,1,1,new_collab,University of Vermont,A5008021208,Marc Maier,33.0,1989.0,10.0,older,1023-03-12
2022,2022-02-09,A5040821463,University of Vermont,Peter Sheridan Dodds,23,1999,2025,1,2,existing_collab,University of Vermont,A5059729548,Danne C. Elbers,5.0,2017.0,-18.0,much_younger,1023-02-09
2022,2022-03-12,A5040821463,University of Vermont,Peter Sheridan Dodds,23,1999,2025,1,1,new_collab,University of Vermont,A5032451310,Alexander Richard,69.0,1953.0,46.0,much_older,1023-03-12
2022,2022-03-01,A5040821463,University of Vermont,Peter Sheridan Dodds,23,1999,2025,1,1,new_collab,University of Vermont,A5108520440,Vamsi Krishna Ithapu,13.0,2009.0,-10.0,younger,1023-03-01
2022,2022-02-09,A5040821463,University of Vermont,Peter Sheridan Dodds,23,1999,2025,1,3,existing_collab,University of Vermont,A5046167284,Anne Marie Stupinski,3.0,2019.0,-20.0,much_younger,1023-02-09
2022,2022-02-09,A5040821463,University of Vermont,Peter Sheridan Dodds,23,1999,2025,4,22,existing_collab,University of Vermont,A5015816708,Thayer Alshaabi,3.0,2019.0,-20.0,much_younger,1023-02-09
2022,2022-04-23,A5040821463,University of Vermont,Peter Sheridan Dodds,23,1999,2025,1,12,existing_collab,University of Vermont,A5109561489,Michael Arnold,61.0,1961.0,38.0,much_older,1023-04-23
2022,2022-02-09,A5040821463,University of Vermont,Peter Sheridan Dodds,23,1999,2025,2,16,existing_collab,University of Vermont,A5067816571,Jane L. Adams,47.0,1975.0,24.0,much_older,1023-02-09
2022,2022-04-23,A5040821463,University of Vermont,Peter Sheridan Dodds,23,1999,2025,2,5,existing_collab,University of Vermont,A5069820090,Matthew Price,47.0,1975.0,24.0,much_older,1023-04-23
2022,2022-09-25,A5040821463,University of Vermont,Peter Sheridan Dodds,23,1999,2025,1,2,existing_collab,University of Vermont,A5015402613,Alison C. Legrand,19.0,2003.0,-4.0,same_age,1023-09-25
2022,2022-04-28,A5040821463,University of Vermont,Peter Sheridan Dodds,23,1999,2025,1,2,existing_collab,University of Vermont,A5019365416,Zoe M. F. Brier,6.0,2016.0,-17.0,much_younger,1023-04-28
2022,2022-06-25,A5040821463,University of Vermont,Peter Sheridan Dodds,23,1999,2025,1,2,existing_collab,University of Vermont,A5057557219,Katherine van Stolk‐Cooke,8.0,2014.0,-15.0,younger,1023-06-25
2022,2022-02-09,A5040821463,University of Vermont,Peter Sheridan Dodds,23,1999,2025,1,2,existing_collab,University of Vermont,A5077511376,Kelly Peck,17.0,2005.0,-6.0,same_age,1023-02-09
2022,2022-03-01,A5040821463,University of Vermont,Peter Sheridan Dodds,23,1999,2025,1,2,existing_collab,University of Vermont,A5082878426,Zachary W. Adams,15.0,2007.0,-8.0,younger,1023-03-01
2022,2022-01-02,A5040821463,University of Vermont,Peter Sheridan Dodds,23,1999,2025,3,7,existing_collab,University of Vermont,A5102965438,Matthew Arnold,,,,,1023-01-02
2022,2022-09-25,A5040821463,University of Vermont,Peter Sheridan Dodds,23,1999,2025,1,15,existing_collab,University of Vermont,A5047121345,David Rushing Dewhurst,5.0,2017.0,-18.0,much_younger,1023-09-25
2022,2022-09-25,A5040821463,University of Vermont,Peter Sheridan Dodds,23,1999,2025,1,30,existing_collab,University of Vermont,A5078987306,Andrew J. Reagan,10.0,2012.0,-13.0,younger,1023-09-25
2022,2022-09-25,A5040821463,University of Vermont,Peter Sheridan Dodds,23,1999,2025,1,2,existing_collab,University of Vermont,A5052932345,Colin M. Van Oort,5.0,2017.0,-18.0,much_younger,1023-09-25
2022,2022-03-25,A5040821463,University of Vermont,Peter Sheridan Dodds,23,1999,2025,2,5,existing_collab,University of Vermont,A5036140974,Matthew Price,16.0,2006.0,-7.0,same_age,1023-03-25
2023,2023-04-07,A5040821463,Harvard University,Peter Sheridan Dodds,24,1999,2025,7,11,existing_collab,University of Vermont,A5027414437,Mikaela Irene Fudolig,9.0,2014.0,-15.0,younger,1024-04-07
2023,2023-01-31,A5040821463,Harvard University,Peter Sheridan Dodds,24,1999,2025,4,4,new_collab,University of Vermont,A5047203759,Laura S. P. Bloomfield,37.0,1986.0,13.0,older,1024-01-31
2023,2023-10-06,A5040821463,Harvard University,Peter Sheridan Dodds,24,1999,2025,5,10,existing_collab,University of Vermont,A5069820090,Matthew Price,48.0,1975.0,24.0,much_older,1024-10-06
2023,2023-01-31,A5040821463,Harvard University,Peter Sheridan Dodds,24,1999,2025,2,2,new_collab,University of Vermont,A5019875132,Yoshi M. Bird,19.0,2004.0,-5.0,same_age,1024-01-31
2023,2023-01-28,A5040821463,Harvard University,Peter Sheridan Dodds,24,1999,2025,2,2,new_collab,University of Vermont,A5000821343,Johanna E. Hidalgo,1.0,2022.0,-23.0,much_younger,1024-01-28
2023,2023-01-03,A5040821463,Harvard University,Peter Sheridan Dodds,24,1999,2025,4,4,new_collab,University of Vermont,A5040399099,Julia Kim,20.0,2003.0,-4.0,same_age,1024-01-03
2023,2023-09-11,A5040821463,Harvard University,Peter Sheridan Dodds,24,1999,2025,4,4,new_collab,University of Vermont,A5092887068,Jordan Llorin,0.0,2023.0,-24.0,much_younger,1024-09-11
2023,2023-03-19,A5040821463,Harvard University,Peter Sheridan Dodds,24,1999,2025,5,6,existing_collab,University of Vermont,A5073688320,Juniper Lovato,3.0,2020.0,-21.0,much_younger,1024-03-19
2023,2023-06-20,A5040821463,Harvard University,Peter Sheridan Dodds,24,1999,2025,5,5,new_collab,University of Vermont,A5045202621,Ellen W. McGinnis,,,,,1024-06-20
2023,2023-09-30,A5040821463,Harvard University,Peter Sheridan Dodds,24,1999,2025,5,5,new_collab,University of Vermont,A5006991081,Ryan S. McGinnis,68.0,1955.0,44.0,much_older,1024-09-30
2023,2023-04-07,A5040821463,Harvard University,Peter Sheridan Dodds,24,1999,2025,5,9,existing_collab,University of Vermont,A5009887999,Taylor H. Ricketts,34.0,1989.0,10.0,older,1024-04-07
2023,2023-01-07,A5040821463,Harvard University,Peter Sheridan Dodds,24,1999,2025,4,4,new_collab,University of Vermont,A5073011363,Kathryn Stanton,19.0,2004.0,-5.0,same_age,1024-01-07
2023,2023-09-30,A5040821463,Harvard University,Peter Sheridan Dodds,24,1999,2025,15,107,existing_collab,University of Vermont,A5002034958,Christopher M. Danforth,17.0,2006.0,-7.0,same_age,1024-09-30
2023,2023-10-06,A5040821463,Harvard University,Peter Sheridan Dodds,24,1999,2025,1,1,new_collab,University of Vermont,A5066625861,Casey Buck,3.0,2020.0,-21.0,much_younger,1024-10-06
2023,2023-01-03,A5040821463,Harvard University,Peter Sheridan Dodds,24,1999,2025,1,1,new_collab,University of Vermont,A5091730117,Janine Cerutti,7.0,2016.0,-17.0,much_younger,1024-01-03
2023,2023-09-08,A5040821463,Harvard University,Peter Sheridan Dodds,24,1999,2025,1,1,new_collab,University of Vermont,A5042640763,Rachel Gehman,2.0,2021.0,-22.0,much_younger,1024-09-08
2023,2023-09-01,A5040821463,Harvard University,Peter Sheridan Dodds,24,1999,2025,1,1,new_collab,University of Vermont,A5073630928,Marc Hickok,3.0,2020.0,-21.0,much_younger,1024-09-01
2023,2023-01-10,A5040821463,Harvard University,Peter Sheridan Dodds,24,1999,2025,1,1,new_collab,University of Vermont,A5027833322,Richard J. Norton,33.0,1990.0,9.0,older,1024-01-10
2023,2023-01-21,A5040821463,Harvard University,Peter Sheridan Dodds,24,1999,2025,1,1,new_collab,University of Vermont,A5111572847,Vanessa Ramirez,35.0,1988.0,11.0,older,1024-01-21
2023,2023-01-03,A5040821463,Harvard University,Peter Sheridan Dodds,24,1999,2025,1,1,new_collab,University of Vermont,A5015730232,Camille Noufi,4.0,2019.0,-20.0,much_younger,1024-01-03
2023,2023-04-07,A5040821463,Harvard University,Peter Sheridan Dodds,24,1999,2025,1,1,new_collab,University of Vermont,A5003700236,Dejan Marković,68.0,1955.0,44.0,much_older,1024-04-07
2023,2023-07-25,A5040821463,Harvard University,Peter Sheridan Dodds,24,1999,2025,4,23,existing_collab,University of Vermont,A5059048502,Joshua R. Minot,4.0,2019.0,-20.0,much_younger,1024-07-25
2023,2023-03-19,A5040821463,Harvard University,Peter Sheridan Dodds,24,1999,2025,4,16,existing_collab,,A5109561489,Michael Arnold,62.0,1961.0,38.0,much_older,1024-03-19
2023,2023-01-07,A5040821463,Harvard University,Peter Sheridan Dodds,24,1999,2025,4,26,existing_collab,,A5015816708,Thayer Alshaabi,4.0,2019.0,-20.0,much_younger,1024-01-07
2023,2023-01-21,A5040821463,Harvard University,Peter Sheridan Dodds,24,1999,2025,2,18,existing_collab,,A5067816571,Jane L. Adams,48.0,1975.0,24.0,much_older,1024-01-21
2023,2023-04-07,A5040821463,Harvard University,Peter Sheridan Dodds,24,1999,2025,1,16,existing_collab,University of Vermont,A5047121345,David Rushing Dewhurst,6.0,2017.0,-18.0,much_younger,1024-04-07
2023,2023-09-01,A5040821463,Harvard University,Peter Sheridan Dodds,24,1999,2025,1,3,existing_collab,University of Vermont,A5032839489,Tyler J. Gray,5.0,2018.0,-19.0,much_younger,1024-09-01
2023,2023-03-19,A5040821463,Harvard University,Peter Sheridan Dodds,24,1999,2025,2,11,existing_collab,University of Vermont,A5012787401,Morgan R. Frank,10.0,2013.0,-14.0,younger,1024-03-19
2023,2023-04-07,A5040821463,Harvard University,Peter Sheridan Dodds,24,1999,2025,1,31,existing_collab,University of Vermont,A5078987306,Andrew J. Reagan,11.0,2012.0,-13.0,younger,1024-04-07
2023,2023-10-06,A5040821463,Harvard University,Peter Sheridan Dodds,24,1999,2025,1,1,new_collab,University of Vermont,A5036096197,Will Thompson,,,,,1024-10-06
2023,2023-09-30,A5040821463,Harvard University,Peter Sheridan Dodds,24,1999,2025,1,1,new_collab,University of Vermont,A5092527914,Alex Freidrichsen,0.0,2023.0,-24.0,much_younger,1024-09-30
2023,2023-04-07,A5040821463,Harvard University,Peter Sheridan Dodds,24,1999,2025,2,4,existing_collab,University of Vermont,A5108286740,Nicholas Cheney,11.0,2012.0,-13.0,younger,1024-04-07
2023,2023-09-19,A5040821463,Harvard University,Peter Sheridan Dodds,24,1999,2025,1,1,new_collab,University of Vermont,A5035623867,Philip Mueller,,,,,1024-09-19
2023,2023-09-01,A5040821463,Harvard University,Peter Sheridan Dodds,24,1999,2025,1,1,new_collab,University of Vermont,A5016813671,Parisa Suchdev,0.0,2023.0,-24.0,much_younger,1024-09-01
2023,2023-01-10,A5040821463,Harvard University,Peter Sheridan Dodds,24,1999,2025,2,2,new_collab,University of Vermont,A5054876523,Kathryn E. Cramer,,,,,1024-01-10
2023,2023-09-11,A5040821463,Harvard University,Peter Sheridan Dodds,24,1999,2025,1,1,new_collab,University of Vermont,A5071117363,Morgan Weaving,3.0,2020.0,-21.0,much_younger,1024-09-11
2023,2023-09-19,A5040821463,Harvard University,Peter Sheridan Dodds,24,1999,2025,1,1,new_collab,University of Vermont,A5025164505,Khandis R. Blake,23.0,2000.0,-1.0,same_age,1024-09-19
2023,2023-07-25,A5040821463,Harvard University,Peter Sheridan Dodds,24,1999,2025,1,1,new_collab,University of Vermont,A5090589044,Nick Haslam,32.0,1991.0,8.0,older,1024-07-25
2023,2023-09-19,A5040821463,Harvard University,Peter Sheridan Dodds,24,1999,2025,1,1,new_collab,University of Vermont,A5029372639,Cordelia Fine,37.0,1986.0,13.0,older,1024-09-19
2023,2023-10-06,A5040821463,Harvard University,Peter Sheridan Dodds,24,1999,2025,1,8,existing_collab,University of Vermont,A5102965438,Matthew Arnold,,,,,1024-10-06
2023,2023-09-30,A5040821463,Harvard University,Peter Sheridan Dodds,24,1999,2025,1,1,new_collab,University of Vermont,A5091049253,Shania Lunna,1.0,2022.0,-23.0,much_younger,1024-09-30
2023,2023-07-25,A5040821463,Harvard University,Peter Sheridan Dodds,24,1999,2025,1,1,new_collab,University of Vermont,A5055843861,Isabel Berman,,,,,1024-07-25
2023,2023-01-31,A5040821463,Harvard University,Peter Sheridan Dodds,24,1999,2025,1,1,new_collab,University of Vermont,A5065237904,Skylar Bagdon,0.0,2023.0,-24.0,much_younger,1024-01-31
2023,2023-09-19,A5040821463,Harvard University,Peter Sheridan Dodds,24,1999,2025,1,1,new_collab,University of Vermont,A5009730528,Genevieve Lewis,,,,,1024-09-19
2023,2023-07-25,A5040821463,Harvard University,Peter Sheridan Dodds,24,1999,2025,1,1,new_collab,University of Vermont,A5050584017,William Copeland,66.0,1957.0,42.0,much_older,1024-07-25
2023,2023-01-28,A5040821463,Harvard University,Peter Sheridan Dodds,24,1999,2025,1,5,existing_collab,University of Vermont,A5082132467,Kelsey Linnell,6.0,2017.0,-18.0,much_younger,1024-01-28
2023,2023-09-01,A5040821463,Harvard University,Peter Sheridan Dodds,24,1999,2025,1,4,existing_collab,University of Vermont,A5075017836,Thomas McAndrew,12.0,2011.0,-12.0,younger,1024-09-01
2023,2023-01-21,A5040821463,Harvard University,Peter Sheridan Dodds,24,1999,2025,1,5,existing_collab,University of Vermont,A5017106847,Jarlath O’Neil‐Dunne,17.0,2006.0,-7.0,same_age,1024-01-21
2023,2023-04-07,A5040821463,Harvard University,Peter Sheridan Dodds,24,1999,2025,1,3,existing_collab,University of Vermont,A5059729548,Danne C. Elbers,6.0,2017.0,-18.0,much_younger,1024-04-07
2023,2023-01-07,A5040821463,Harvard University,Peter Sheridan Dodds,24,1999,2025,1,1,new_collab,University of Vermont,A5006946801,Jennifer La,50.0,1973.0,26.0,much_older,1024-01-07
2023,2023-01-21,A5040821463,Harvard University,Peter Sheridan Dodds,24,1999,2025,1,1,new_collab,,A5113777237,Robert Gramling,37.0,1986.0,13.0,older,1024-01-21
2023,2023-10-06,A5040821463,Harvard University,Peter Sheridan Dodds,24,1999,2025,1,1,new_collab,University of Vermont,A5078664314,Mary T. Brophy,33.0,1990.0,9.0,older,1024-10-06
2023,2023-01-31,A5040821463,Harvard University,Peter Sheridan Dodds,24,1999,2025,1,1,new_collab,University of Vermont,A5018592922,Nhan Do,31.0,1992.0,7.0,older,1024-01-31
2023,2023-04-07,A5040821463,Harvard University,Peter Sheridan Dodds,24,1999,2025,1,1,new_collab,University of Vermont,A5074054089,Nathanael R. Fillmore,15.0,2008.0,-9.0,younger,1024-04-07
2023,2023-09-11,A5040821463,Harvard University,Peter Sheridan Dodds,24,1999,2025,1,1,new_collab,,A5049807926,Henry H. Wu,30.0,1993.0,6.0,same_age,1024-09-11
2023,2023-01-10,A5040821463,Harvard University,Peter Sheridan Dodds,24,1999,2025,1,3,existing_collab,,A5084930117,Ryan J. Gallagher,26.0,1997.0,2.0,same_age,1024-01-10
2023,2023-09-08,A5040821463,Harvard University,Peter Sheridan Dodds,24,1999,2025,1,1,new_collab,,A5047517174,Brooke Foucault Welles,16.0,2007.0,-8.0,younger,1024-09-08
2023,2023-01-10,A5040821463,Harvard University,Peter Sheridan Dodds,24,1999,2025,1,1,new_collab,,A5021330226,Randall Harp,16.0,2007.0,-8.0,younger,1024-01-10
2023,2023-01-31,A5040821463,Harvard University,Peter Sheridan Dodds,24,1999,2025,1,1,new_collab,University of Vermont,A5008021208,Marc A. Maier,34.0,1989.0,10.0,older,1024-01-31
2023,2023-10-06,A5040821463,Harvard University,Peter Sheridan Dodds,24,1999,2025,1,1,new_collab,University of Vermont,A5051502882,Bradford Demarest,10.0,2013.0,-14.0,younger,1024-10-06
2023,2023-01-03,A5040821463,Harvard University,Peter Sheridan Dodds,24,1999,2025,1,2,existing_collab,University of Vermont,A5089082846,Julia Witte Zimmerman,2.0,2021.0,-22.0,much_younger,1024-01-03
2023,2023-10-06,A5040821463,Harvard University,Peter Sheridan Dodds,24,1999,2025,1,1,new_collab,University of Vermont,A5092160841,Denis Hudon,0.0,2023.0,-24.0,much_younger,1024-10-06
2023,2023-01-07,A5040821463,Harvard University,Peter Sheridan Dodds,24,1999,2025,1,1,new_collab,University of Vermont,A5026024797,Jonathan St. Onge,5.0,2018.0,-19.0,much_younger,1024-01-07
2023,2023-09-08,A5040821463,Harvard University,Peter Sheridan Dodds,24,1999,2025,1,1,new_collab,University of Vermont,A5078442658,Milo Z. Trujillo,3.0,2020.0,-21.0,much_younger,1024-09-08
2023,2023-04-29,A5040821463,Harvard University,Peter Sheridan Dodds,24,1999,2025,5,10,existing_collab,University of Vermont,A5036140974,Matthew Price,17.0,2006.0,-7.0,same_age,1024-04-28
